,,Varese Pallacanestro,,,,,,,,,,,,,,,,,
,,Financing Case,,,,2026,2027,2028,2029,2030,2031,,,2026,2027,2028,2029,2030,2031
,,,,,,Jun-26,Jun-27,Jun-28,Jun-29,Jun-30,Jun-31,,,Jun-26,Jun-27,Jun-28,Jun-29,Jun-30,Jun-31
,,,,,,,,,,,,,,,,,,,
,,,,,,,,,,,,,,,,,,,
,P&L,,,,,,,,,,,,,,,,,,
,,Sales,,,,,,,,,,,,,,,,,
,,,Sponsorship Rev,,," 2,174,456 "," 2,283,179 "," 2,397,338 "," 2,517,205 "," 2,592,721 "," 2,670,502 ",,Sponsorship Rev Growth,,5.0%,5.0%,5.0%,3.0%,3.0%
,,,Varese Basketball Rev,,," 921,871 "," 1,060,152 "," 1,219,175 "," 1,341,092 "," 1,475,201 "," 1,622,721 ",,Varese Basketball Rev Growth,,15.0%,15.0%,10.0%,10.0%,10.0%
,,,Bops Rev,,," 433,771 "," 520,525 "," 624,630 "," 749,556 "," 899,467 "," 1,079,361 ",,Bops Rev Growth,,20.0%,20.0%,20.0%,20.0%,20.0%
,,,Merchandising Rev,,," 120,060 "," 192,096 "," 268,934 "," 322,721 "," 387,265 "," 464,718 ",,Merchandising Rev Growth,,60.0%,40.0%,20.0%,20.0%,20.0%
,,,Venue Operations Rev,,," 163,933 "," 295,079 "," 383,602 "," 479,503 "," 575,404 "," 632,944 ",,Venue Operations Rev Growth,,80.0%,30.0%,25.0%,20.0%,10.0%
,,,EBP Rev,,," 32,500 "," 65,000 "," 71,500 "," 78,650 "," 86,515 "," 95,167 ",,EBP Rev Growth,,100.0%,10.0%,10.0%,10.0%,10.0%
,,,GameDay Rev,,," 2,925,737 "," 3,512,289 "," 3,863,518 "," 4,249,870 "," 4,674,857 "," 5,142,342 ",,GameDay Rev Growth,,20.0%,10.0%,10.0%,10.0%,10.0%
,,,,,,,,,,,,,,,,,,,
,,Total Sales,,,," 6,772,328 "," 7,928,319 "," 8,828,697 "," 9,738,596 "," 10,691,429 "," 11,707,755 ",,Total Sales Growth,,17.1%,11.4%,10.3%,9.8%,9.5%
,,,,,,,,,,,,,,,,,,,
,,Cost of Sales,,,,,,,,,,,,,,,,,
,,,BOps,,," 4,002,159 "," 4,359,803 "," 4,413,576 "," 4,868,448 "," 5,344,780 "," 5,852,850 ",,BOps % of Sales,59.1%,55.0%,50.0%,50.0%,50.0%,50.0%
,,,Sponsorship,,," 57,349 "," 114,159 "," 119,867 "," 125,860 "," 129,636 "," 133,525 ",,Sponsorship % of Sales,0.8%,1.4%,1.4%,1.3%,1.2%,1.1%
,,,Merchandising,,," 132,651 "," 134,467 "," 188,254 "," 225,905 "," 271,086 "," 325,303 ",,Merchandising % of Sales,2.0%,1.7%,2.1%,2.3%,2.5%,2.8%
,,,Varese Basketball ,,," 552,216 "," 634,153 "," 662,036 "," 730,267 "," 801,717 "," 877,927 ",,Varese Basketball  % of Sales,8.2%,8.0%,7.5%,7.5%,7.5%,7.5%
,,,GameDay,,," 493,226 "," 614,405 "," 675,845 "," 743,430 "," 817,773 "," 899,550 ",,GameDay % of Sales,7.3%,7.7%,7.7%,7.6%,7.6%,7.7%
,,,Venue Operations,,," 16,342 "," 59,016 "," 76,720 "," 95,901 "," 115,081 "," 126,589 ",,Venue Operations % of Sales,0.2%,0.7%,0.9%,1.0%,1.1%,1.1%
,,,EBP,,," 12,000 "," 21,450 "," 23,595 "," 25,955 "," 28,550 "," 31,405 ",,EBP % of Sales,0.2%,0.3%,0.3%,0.3%,0.3%,0.3%
,,Total Cost of Sales,,,," 5,265,942 "," 5,937,453 "," 6,159,894 "," 6,815,765 "," 7,508,622 "," 8,247,149 ",, % of Sales,77.8%,74.9%,69.8%,70.0%,70.2%,70.4%
,,,,,,,,,,,,,,,,,,,
,,Gross Profit,,,," 1,506,385 "," 1,990,866 "," 2,668,803 "," 2,922,831 "," 3,182,807 "," 3,460,607 ",,,,,,,,
,,,,,,,,,,,,,,,,,,,
,,SGnA,,,,,,,,,,,,,,,,,
,,,Labor,,," 626,028 "," 634,153 "," 706,172 "," 778,952 "," 778,952 "," 778,952 ",,Labor % of Sales,9.2%,8.0%,8.0%,8.0%,7.3%,6.7%
,,,Marketing,,," 121,902 "," 158,538 "," 176,543 "," 194,738 "," 213,791 "," 234,114 ",,Marketing % of Sales,1.8%,2.0%,2.0%,2.0%,2.0%,2.0%
,,,Office,,," 82,508 "," 118,904 "," 132,407 "," 146,053 "," 160,343 "," 175,585 ",,Office % of Sales,1.2%,1.5%,1.5%,1.5%,1.5%,1.5%
,,,Team Ops,,," 458,367 "," 526,633 "," 579,296 "," 637,226 "," 700,948 "," 771,043 ",,Team Ops % of Sales,6.8%,6.6%,6.6%,6.5%,6.6%,6.6%
,,,Utilities And Maintenance,,," 200,255 "," 150,192 "," 147,188 "," 144,244 "," 141,359 "," 138,532 ",,Utilities And Maintenance % of Sales,3.0%,1.9%,1.7%,1.5%,1.3%,1.2%
,,,Varese Basketball SG&A,,," 333,003 "," 356,711 "," 397,222 "," 408,950 "," 427,582 "," 468,228 ",,Varese Basketball SG&A % of Sales,4.9%,4.5%,4.5%,4.2%,4.0%,4.0%
,,,Financial,,," 17,192 "," 39,650 "," 44,153 "," 48,704 "," 53,469 "," 58,552 ",,Financial % of Sales,0.3%,0.5%,0.5%,0.5%,0.5%,0.5%
,,,Professional Services,,," 54,614 "," 71,342 "," 79,444 "," 87,632 "," 96,206 "," 105,351 ",,Professional Services % of Sales,0.8%,0.9%,0.9%,0.9%,0.9%,0.9%
,,,Contingencies and Deffered,,," 26,410 "," 79,269 "," 88,272 "," 97,369 "," 106,896 "," 117,057 ",,Contingencies and Deffered % of Sales,0.4%,1.0%,1.0%,1.0%,1.0%,1.0%
,,,,,,,_,_,_,_,_,,,_,_,_,_,_,_
,,Total SGnA,,,," 1,920,279 "," 2,135,392 "," 2,350,697 "," 2,543,867 "," 2,679,547 "," 2,847,414 ",,Total SGnA % of Sales,28.4%,26.9%,26.6%,26.1%,25.1%,24.3%
,,,,,,,,,,,,,,,,,,,
,,EBITDA,,,,"(413,893)","(144,526)"," 318,106 "," 378,963 "," 503,261 "," 613,192 ",,EBITDA % of Sales,(6.1%),(1.8%),3.6%,3.9%,4.7%,5.2%
,,,EBITDA Margin,,,(6.1%),(1.8%),3.6%,3.9%,4.7%,5.2%,,,,,,,,
,,,,,,,,,,,,,,,,,,,
,,Past Contingencies and Deferred,,,,,,,,,,,,,,,,,
,,,Late Payments,,," 99,995 "," 15,000 ", 0 , 0 , 0 , 0 ,,,,,,,,
,,,"Past penalties, sanctions and payments",,," 73,848 "," 50,000 "," 50,000 "," 50,000 "," 50,000 "," 50,000 ",,,,,,,,
,,,Interest,,," 44,055 "," 35,244 "," 28,195 "," 22,556 "," 18,045 "," 14,436 ",,,,,,,,
,,,Deferred Sponsorship,,,, 0 , 0 , 0 , 0 , 0 ,,,,,,,,
,,Total Past Contingencies and Deferred,,,," 217,898 "," 100,244 "," 78,195 "," 72,556 "," 68,045 "," 64,436 ",,,,,,,,
,,,,,,,,,,,,,,,,,,,
,,Depreciation and Amortization,,,,,,,,,,,,,,,,,
,,Depreciation,,,," 427,763 "," 384,987 "," 364,987 "," 344,987 "," 324,987 "," 304,987 ",,Depreciation % of Sales,6.3%,4.9%,4.1%,3.5%,3.0%,2.6%
,,,,,,_,_,_,_,_,_,,,_,_,_,_,_,_
,,EBIT,,,,"(1,059,554)","(629,757)","(125,077)","(38,580)"," 110,229 "," 243,770 ",,EBIT % of Sales,(15.6%),(7.9%),(1.4%),(0.4%),1.0%,2.1%
,,,,,,,,,,,,,,,,,,,
,,Interest,,,," 91,880 "," 23,717 "," 20,452 "," 17,186 "," 13,921 "," 10,662 ",,Interest % of Sales,1.4%,0.3%,0.2%,0.2%,0.1%,0.1%
,,EBT,,,,"(1,151,434)","(653,474)","(145,528)","(55,766)"," 96,308 "," 233,108 ",,EBT % of Sales,(17.0%),(8.2%),(1.6%),(0.6%),0.9%,2.0%
,,,Taxes,,," 63,922 "," 65,012 "," 72,395 "," 79,856 "," 87,670 "," 96,004 ",,,,,,,,
,,NI,,ok,,"(1,215,356)","(718,486)","(217,924)","(135,623)"," 8,638 "," 137,104 ",,NI % of Sales,(17.9%),(9.1%),(2.5%),(1.4%),0.1%,1.2%
,,,,,,,,,,,,,,,,,,,
,,,,,,,,,,,,,,,,,,,
,Balance Sheet,,,,,,,,,,,,,,,,,,
,ASSETS,,,,,30 Jun 26,,,,,,,,,,,,,
,Current Assets,,,,,,,,,,,,,,,,,,
,,Cash & Equivalents,,,," 1,254,209 "," 185,697 "," 246,036 ","(520,735)","(502,177)","(372,352)",,Cash & Equivalents % of Total Assets,,4.01%,5.96%,(17.2%),(18.5%),(14.7%)
,,Existing Accounts Receivable,,,," 358,185 "," 350,000 "," 200,000 "," 200,000 "," 200,000 "," 200,000 ",,Existing Accounts Receivable % of Total Assets,,7.56%,4.84%,6.62%,7.37%,7.87%
,,New Accounts Receivable,,,, 0 ," 1,404 "," 2,949 "," 4,648 "," 6,518 "," 8,574 ",,New Accounts Receivable % of Total Assets,,0.03%,0.07%,0.15%,0.24%,0.34%
,,Prepaid Costs,,,, 0 , 0 , 0 , 0 , 0 , 0 ,,Prepaid Costs % of Total Assets,,0.00%,0.00%,0.00%,0.00%,0.00%
,,Inventory,,,," 23,449 "," 20,000 "," 20,000 "," 20,000 "," 20,000 "," 20,000 ",,Inventory % of Total Assets,,0.43%,0.48%,0.66%,0.74%,0.79%
,,Taxes Receivable,,,," 264,626 "," 264,626 "," 264,626 "," 264,626 "," 264,626 "," 264,626 ",,Taxes Receivable % of Total Assets,,5.71%,6.41%,8.77%,9.75%,10.41%
,,Other Current Assets,,,," 1,139,161 "," 909,161 "," 909,161 "," 909,161 "," 909,161 "," 909,161 ",,Other Current Assets % of Total Assets,,19.63%,22.02%,30.11%,33.49%,35.77%
,,Other Income And Deferred Charges,,,, 0 ," 50,000 ", 0 , 0 , 0 , 0 ,,Other Income And Deferred Charges % of Total Assets,,1.08%,0.00%,0.00%,0.00%,0.00%
,,,,,,_,_,_,_,_,_,, % of Total Assets,,,,,,
,Total Current Assets,,,,," 3,039,630 "," 1,780,888 "," 1,642,772 "," 877,700 "," 898,128 "," 1,030,008 ",,Total Current Assets % of Total Assets,,38.45%,39.79%,29.07%,33.09%,40.53%
,,,,,,,,,,,,,,,,,,,
,,PP&E,,,," 622,662 "," 237,675 ","(127,311)","(472,298)","(797,285)","(1,102,272)",,PP&E % of Total Assets,,5.13%,-3.08%,-15.64%,-29.37%,-43.37%
,,Intangible Assets,,,," 2,313,601 "," 2,613,601 "," 2,613,601 "," 2,613,601 "," 2,613,601 "," 2,613,601 ",,Intangible Assets % of Total Assets,,56.42%,63.30%,86.57%,96.28%,102.84%
,,Financial Assets,,,, 0 , 0 , 0 , 0 , 0 , 0 ,,Financial Assets % of Total Assets,,0.00%,0.00%,0.00%,0.00%,0.00%
,,,,,,_,_,_,_,_,_,, % of Total Assets,,,,,,
,TOTAL ASSETS,,,,," 5,975,893 "," 4,632,165 "," 4,129,062 "," 3,019,003 "," 2,714,445 "," 2,541,338 ",,TOTAL ASSETS % of Total Assets,,100.00%,100.00%,100.00%,100.00%,100.00%
,,,,,,,,,,,,,,,,,,,
,LIABILITIES,,,,,,,,,,,,,,,,,,
,Current Liabilities,,,,,,,,,,,,,,,,,,
,,Existing Accounts Payable,,,," 1,382,976 "," 1,106,381 "," 829,786 "," 553,190 "," 276,595 ", 0 ,,Existing Accounts Payable % of Total Assets,,23.88%,20.10%,18.32%,10.19%,0.00%
,,Prepaid Revenue,,,, 0 , 0 , 0 , 0 , 0 , 0 ,,Prepaid Revenue % of Total Assets,,0.00%,0.00%,0.00%,0.00%,0.00%
,,Accrued Expenses,,,, 0 , 16 , 34 , 53 , 74 , 98 ,,Accrued Expenses % of Total Assets,,0.00%,0.00%,0.00%,0.00%,0.00%
,,Taxes Payable,,,," 1,801,421 "," 1,200,947 "," 600,474 ", 0 , 0 , 0 ,,Taxes Payable % of Total Assets,,25.93%,14.54%,0.00%,0.00%,0.00%
,,Other Current Liabilities,,,," 1,774,365 "," 219,911 "," 79,911 "," 19,911 "," 19,911 "," 19,911 ",,Other Current Liabilities % of Total Assets,,4.75%,1.94%,0.66%,0.73%,0.78%
,,Accrued Liabilities And Deferred Income,,,, 0 ," 275,000 "," 275,000 "," 275,000 "," 275,000 "," 275,000 ",,Accrued Liabilities And Deferred Income % of Total Assets,,5.94%,6.66%,9.11%,10.13%,10.82%
,,Short Term Bank Loans ,,,, 0 , 0 , 0 , 0 , 0 , 0 ,,Short Term Bank Loans  % of Total Assets,,0.00%,0.00%,0.00%,0.00%,0.00%
,,,,,,_,_,_,_,_,_,,,,,,,,
,Total Current Liabilities,,,,," 4,958,762 "," 2,802,255 "," 1,785,204 "," 848,155 "," 571,581 "," 295,009 ",,Total Current Liabilities % of Total Assets,,60.50%,43.24%,28.09%,21.06%,11.61%
,,,,,,,,,,,,,,,,,,,
,,Tfr Provision,,,," 116,271 "," 142,797 "," 167,517 "," 192,979 "," 219,204 "," 246,216 ",,Tfr Provision % of Total Assets,,3.08%,4.06%,6.39%,8.08%,9.69%
,,Risk Fund,,,," 50,000 "," 20,000 "," 20,000 "," 20,000 "," 20,000 "," 20,000 ",,Risk Fund % of Total Assets,,0.43%,0.48%,0.66%,0.74%,0.79%
,,Medium Term Bank Loans ,,,," 484,562 "," 642,413 "," 349,565 "," 286,717 "," 223,868 "," 163,217 ",,Medium Term Bank Loans  % of Total Assets,,13.87%,8.47%,9.50%,8.25%,6.42%
,,,,,,_,_,_,_,_,_,,,,,,,,
,TOTAL LIABILITIES,,,,," 5,609,595 "," 3,607,466 "," 2,322,286 "," 1,347,850 "," 1,034,653 "," 724,443 ",,TOTAL LIABILITIES % of Total Assets,,77.88%,56.24%,44.65%,38.12%,28.51%
,,,,,,,,,,,,,,,,,,,
,,Equity,,,," 1,125,650 "," 1,546,600 "," 2,546,600 "," 2,546,600 "," 2,546,600 "," 2,546,600 ",,Equity % of Total Assets,,33.39%,61.68%,84.35%,93.82%,100.21%
,,Retained Earnings,,,,"(2,821,553)","(4,036,909)","(4,755,395)","(4,973,319)","(5,108,942)","(5,100,304)",,Retained Earnings % of Total Assets,,(87.1%),(115.2%),(164.7%),(188.2%),(200.7%)
,,Net Profit,,,,"(1,215,356)","(718,486)","(217,924)","(135,623)"," 8,638 "," 137,104 ",,Net Profit % of Total Assets,,(15.5%),(5.3%),(4.5%),0.3%,5.4%
,,Reserves,,,," 3,277,557 "," 4,233,495 "," 4,233,495 "," 4,233,495 "," 4,233,495 "," 4,233,495 ",,Reserves % of Total Assets,,91.39%,102.53%,140.23%,155.96%,166.59%
,,,,,,_,_,_,_,_,_,,,,,,,,
,TOTAL EQUITY,,,,," 366,298 "," 1,024,700 "," 1,806,776 "," 1,671,153 "," 1,679,791 "," 1,816,896 ",,TOTAL EQUITY % of Total Assets,,22.12%,43.76%,55.35%,61.88%,71.49%
,,,,,,,,,,,,,,,,,,,
,TOTAL LIAB. & EQUITY,,,,," 5,975,893 "," 4,632,165 "," 4,129,062 "," 3,019,003 "," 2,714,445 "," 2,541,338 ",,TOTAL LIAB. & EQUITY % of Total Assets,,100.00%,100.00%,100.00%,100.00%,100.00%
,Check,,,ok,,ok,ok,ok,ok,ok,ok,,,,,,,,
,,,,,,,,,,,,,,,,,,,
,,,,,,,,,,,,,,,,,,,
,,,,,,,,,,,,,,,,,,,
,,,,,,,,,,,,,,,,,,,
,CF Statement,,,,,,,,,,,,,,,,,,
,NI,,,,,,"(718,486)","(217,924)","(135,623)"," 8,638 "," 137,104 ",,,,,,,,
,,Depreciation & Amort,,,,," 384,987 "," 364,987 "," 344,987 "," 324,987 "," 304,987 ",,,,,,,,
,,Existing Accounts Receivable,,,,," 8,185 "," 150,000 ", 0 , 0 , 0 ,,,,,,,,
,,New Accounts Receivable,,,,,"(1,404)","(1,545)","(1,699)","(1,869)","(2,056)",,,,,,,,
,,Prepaid Costs,,,,, 0 , 0 , 0 ,(0), 0 ,,,,,,,,
,,Inventory,,,,," 3,449 ", 0 , 0 , 0 , 0 ,,,,,,,,
,,Taxes Receivable,,,,, 0 , 0 , 0 , 0 , 0 ,,,,,,,,
,,Other Current Assets,,,,," 230,000 ", 0 , 0 , 0 , 0 ,,,,,,,,
,,Other Income And Deferred Charges,,,,,"(50,000)"," 50,000 ", 0 , 0 , 0 ,,,,,,,,
,,Existing Accounts Payable,,,,,"(276,595)","(276,595)","(276,595)","(276,595)","(276,595)",,,,,,,,
,,Prepaid Revenue,,,,, 0 , 0 ,(0), 0 , 0 ,,,,,,,,
,,Accrued Expenses,,,,, 16 , 18 , 19 , 21 , 23 ,,,,,,,,
,,Taxes Payable,,,,,"(600,474)","(600,474)","(600,474)",(0), 0 ,,,,,,,,
,,Other Current Liabilities,,,,,"(1,554,454)","(140,000)","(60,000)", 0 , 0 ,,,,,,,,
,,Accrued Liabilities And Deferred Income,,,,," 275,000 ", 0 , 0 , 0 , 0 ,,,,,,,,
,,Tfr Provision,,,,," 26,526 "," 24,720 "," 25,462 "," 26,225 "," 27,012 ",,,,,,,,
,,Interest,,,,," 23,717 "," 20,452 "," 17,186 "," 13,921 "," 10,662 ",,,,,,,,
,,,,,,,_,_,_,_,_,,,,,,,,
,Cash Flow from Operations,,,,,,"(2,249,534)","(626,361)","(686,736)"," 95,328 "," 201,137 ",,,,,,,,
,,,,,,,,,,,,,,,,,,,
,,Capex,,,,, 0 , 0 , 0 , 0 , 0 ,,,,,,,,
,,Risk Fund,,,,,"(30,000)", 0 , 0 , 0 , 0 ,,,,,,,,
,,Intangible Assets,,,,,"(300,000)", 0 , 0 , 0 , 0 ,,,,,,,,
,,Financial Assets,,,,, 0 , 0 , 0 , 0 , 0 ,,,,,,,,
,,,,,,,_,_,_,_,_,,,,,,,,
,Cash Flow from Investing Activities,,,,,,"(330,000)", 0 , 0 , 0 , 0 ,,,,,,,,
,,,,,,,,,,,,,,,,,,,
,Cash Flow Before Financing,,,,,,"(2,579,534)","(626,361)","(686,736)"," 95,328 "," 201,137 ",,,,,,,,
,,,,,,,,,,,,,,,,,,,
,,Debt Borrowing/(Repayment),,,,," 157,851 ","(292,848)","(62,848)","(62,848)","(60,651)",,,,,,,,
,,Short Term Bank Loans ,,,,, 0 , 0 , 0 , 0 , 0 ,,,,,,,,
,,Interest,,,,,"(23,717)","(20,452)","(17,186)","(13,921)","(10,662)",,,,,,,,
,,Injection to Cover Existing Retained Losses,,,,," 955,938 ", 0 , 0 , 0 , 0 ,,,,,,,,
,,Iniection Equity,,,,," 420,950 "," 1,000,000 ", 0 , 0 , 0 ,,,,,,,,
,,,,,,,_,_,_,_,_,,,,,,,,
,Cash Flow from Financing Activities,,,,,," 1,511,022 "," 686,700 ","(80,035)","(76,769)","(71,313)",,,,,,,,
,,,,,,,,,,,,,,,,,,,
,Increase in Cash Before Mortgage Borrowings,,,,,,"(1,068,512)"," 60,339 ","(766,771)"," 18,559 "," 129,824 ",,,,,,,,
,,,Revolver Borrowing/(Repayment),,,, 0 , 0 , 0 , 0 , 0 ,,,,,,,,
,,,,,,,,,,,,,,,,,,,
,Increase in Cash During the Period,,,,,,"(1,068,512)"," 60,339 ","(766,771)"," 18,559 "," 129,824 ",,,,,,,,
,Beginning Balance,,,,,," 1,254,209 "," 185,697 "," 246,036 ","(520,735)","(502,177)",,,,,,,,
,Ending Balance,,,,,," 185,697 "," 246,036 ","(520,735)","(502,177)","(372,352)",,,,,,,,
,Check,,,ok,,,ok,ok,ok,ok,ok,,,,,,,,
,,,,ok,,,ok,ok,ok,ok,ok,,,,,,,,