Azienda,Settore,Dimensione,Livello,Contatto,Email,Tipo Contratto,Durata Contratto,Season,Commercial Value,Bonus Playoff,Net of Ticketing,Gameday Reconciliation,VB Reconciliaiton,CSR Reconciliation,Corp Tix Reconciliation,Sponsor Reconciliation,Delta,July,August,September,October,November,December,January,February,March,April,May,June
BROTHER,,,,,,CASH,Anno Solare,22/23,40.000 €,,40.000 €,0 €,40.000 €,,0 €,0 €,33.500 €,,,,,,,,,,,,
C'ERA UNA VOLTA,,,,,,CASH,Stagione,22/23,1.500 €,,1.500 €,0 €,1.500 €,,0 €,0 €,1.500 €,,,,,,,,,,,,
CALZATURIFICIO DI BESNATE,,,,,,CASH,Anno Solare,22/23,2.000 €,,2.000 €,0 €,2.000 €,,0 €,0 €,2.000 €,,,,,,,,,,,,
ELMEC,,,,,,CASH,Stagione,22/23,120.000 €,,70.000 €,1.720 €,70.000 €,,5.377 €,18.283 €,70.000 €,,,,,,,,,,,,
MALPENSA MED,,,,,,CASH,Stagione,22/23,1.000 €,,1.000 €,0 €,1.000 €,,0 €,0 €,1.000 €,,,,,,,,,,,,
7 AGENCY,,,,,,CASH,Anno Solare,22/23,1.400 €,,1.400 €,0 €,,,0 €,1.400 €,1.400 €,,,,,,,,,,,,
A3EMME,,,,,,CM,Stagione,22/23,6.000 €,,694 €,123 €,,,5.306 €,-1.156 €,-1.506 €,,,,,,,,,,,,
ABBIATI,,,,,,CASH,Stagione,22/23,6.000 €,1.000 €,5.286 €,350 €,,,714 €,36 €,-114 €,,,,,,,,,,,,
ACINQUE (Ex Enerxenia),Energia,Grande,Nazionale,,,CASH,Stagione,22/23,60.000 €,5.000 €,52.955 €,1.442 €,,,5.545 €,30.970 €,20.520 €,,,,,,,,,,,,
AcomeA,,,,,,CASH,Anno Solare,22/23,3.250 €,,1.602 €,220 €,,,1.648 €,-1.698 €,-1.698 €,,,,,,,,,,,,
AGRICOLA,,,,,,CASH,Stagione,22/23,5.000 €,,5.000 €,0 €,,,0 €,5.000 €,5.000 €,,,,,,,,,,,,
ALLIANZ - BOSSI MASSIMILIANO,,,,,,CASH,Stagione,22/23,10.000 €,,4.260 €,200 €,,,5.740 €,1.260 €,1.260 €,,,,,,,,,,,,
AON,,,,,,CASH,Stagione,22/23,15.000 €,1.500 €,12.541 €,610 €,,,2.459 €,3.391 €,3.391 €,,,,,,,,,,,,
ART GARDEN_CM,,,,,,CM,Stagione,22/23,4.900 €,,4.900 €,322 €,,,0 €,75 €,-250 €,,,,,,,,,,,,
ART GARDEN,,,,,,CASH,Stagione,22/23,3.900 €,,3.425 €,282 €,,,475 €,-800 €,-1.200 €,,,,,,,,,,,,
ARTES,,,,,,CASH,Metà Stagione,22/23,10.000 €,,9.761 €,831 €,,,239 €,-2.702 €,-3.277 €,,,,,,,,,,,,
AUTOLINEE VARESINE,,,,,,CM,Stagione,22/23,11.000 €,,2.016 €,200 €,,,6.734 €,-1.104 €,-1.104 €,,,,,,,,,,,,
AUTOTORINO,,,,,,CASH,Metà Stagione,22/23,2.500 €,,2.500 €,300 €,,,0 €,-2.000 €,-2.000 €,,,,,,,,,,,,
BIANCHI & COLLI,,,,,,CASH,Stagione,22/23,1.500 €,,-54 €,10 €,,,1.554 €,-204 €,-354 €,,,,,,,,,,,,
BNL,,,,,,CASH,Stagione,22/23,14.000 €,,14.000 €,0 €,,,0 €,14.000 €,14.000 €,,,,,,,,,,,,
BRAGA,,,,,,CASH,Metà Stagione,22/23,10.000 €,,10.000 €,778 €,,,0 €,-1.675 €,-2.250 €,,,,,,,,,,,,
C'ERA UNA VOLTA,,,,,,CM,Stagione,22/23,5.500 €,,5.143 €,200 €,,,357 €,2.143 €,2.143 €,,,,,,,,,,,,
COLORIFICIO PAPOTTI,,,,,,CASH,Metà Stagione,22/23,2.000 €,,1.286 €,212 €,,,714 €,-1.889 €,-2.064 €,,,,,,,,,,,,
COMPUTER SET,,,,,,CASH,Stagione,22/23,6.000 €,,4.155 €,417 €,,,1.470 €,-2.275 €,-3.125 €,,,,,,,,,,,,
CORSI DI LINGUE,,,,,,CM,Stagione,22/23,7.000 €,,4.238 €,100 €,,,1.262 €,2.738 €,2.738 €,,,,,,,,,,,,
CRISPI 77,,,,,,CM,Stagione,22/23,20.000 €,,18.215 €,930 €,,,1.785 €,4.265 €,4.265 €,,,,,,,,,,,,
DIVITA - RICOLA,,,,,,CASH,Stagione,22/23,18.000 €,2.000 €,18.000 €,743 €,,,0 €,6.850 €,-2.050 €,,,,,,,,,,,,
ELIOR,,,,,,CASH,Stagione,22/23,12.000 €,,12.000 €,514 €,,,0 €,4.290 €,4.290 €,,,,,,,,,,,,
EMMEBI INVESTIGAZIONI,,,,,,CASH,Stagione,22/23,4.000 €,,3.286 €,220 €,,,714 €,-14 €,-14 €,,,,,,,,,,,,
EN PLEIN AIR (Salumificio Beretta),,,,,,CASH,Stagione,22/23,4.000 €,,4.000 €,360 €,,,0 €,-1.400 €,-1.400 €,,,,,,,,,,,,
ESSE SOLAR,,,,,,CASH,Stagione,22/23,25.000 €,,25.000 €,778 €,,,0 €,13.338 €,12.188 €,,,,,,,,,,,,
F.LLI BADI,,,,,,CM,Stagione,22/23,9.600 €,,8.850 €,113 €,,,0 €,7.043 €,7.043 €,,,,,,,,,,,,
SAN BENEDETTO,,,,,,CASH,Stagione,22/23,5.000 €,,5.000 €,265 €,,,0 €,1.025 €,350 €,,,,,,,,,,,,
BIRRA CASTELLO,,,,,,CASH,Stagione,22/23,12.000 €,,12.000 €,33 €,,,0 €,11.500 €,11.000 €,,,,,,,,,,,,
FARMACIA DR. ZOCCHI,,,,,,CASH,Stagione,22/23,5.000 €,,5.000 €,350 €,,,0 €,-250 €,-250 €,,,,,,,,,,,,
FARMACIA DR. ZOCCHI_CM,,,,,,CM,Stagione,22/23,1.500 €,,750 €,150 €,,,0 €,-1.620 €,-1.620 €,,,,,,,,,,,,
FIL.VA,,,,,,CASH,Stagione,22/23,4.000 €,,4.000 €,0 €,,,0 €,4.000 €,4.000 €,,,,,,,,,,,,
FINAZZI,,,,,,CASH,Stagione,22/23,7.000 €,,5.738 €,437 €,,,1.262 €,-812 €,-1.962 €,,,,,,,,,,,,
FNM SPA,,,,,,CASH,Stagione,22/23,45.000 €,,38.908 €,1.450 €,,,4.592 €,16.798 €,16.098 €,,,,,,,,,,,,
GRAFICHE QUIRICI,,,,,,CM,Stagione,22/23,8.000 €,,5.704 €,435 €,,,2.296 €,-821 €,-1.346 €,,,,,,,,,,,,
GRASSI,,,,,,CASH,Stagione,22/23,10.000 €,,10.000 €,0 €,,,0 €,10.000 €,10.000 €,,,,,,,,,,,,
GRESSONEY - REGIONE VAL D'AOSTA,,,,,,CASH,Stagione,22/23,25.000 €,,25.000 €,510 €,,,0 €,17.350 €,15.100 €,,,,,,,,,,,,
IDROTECH,,,,,,CASH,Stagione,22/23,4.500 €,,3.072 €,212 €,,,1.428 €,-103 €,-278 €,,,,,,,,,,,,
INTERNET ONE,,,,,,CM,Stagione,22/23,20.000 €,,14.430 €,300 €,,,4.820 €,9.930 €,9.930 €,,,,,,,,,,,,
INTESA SANPAOLO,,,,,,CASH,Stagione,22/23,180.000 €,10.000 €,163.948 €,2.933 €,,,15.302 €,119.588 €,113.963 €,,,,,,,,,,,,
INTRED,,,,,,CASH,Stagione,22/23,10.000 €,,8.738 €,680 €,,,1.262 €,-1.462 €,-1.462 €,,,,,,,,,,,,
IRCA,,,,,,CASH,Stagione,22/23,100.000 €,5.000 €,73.685 €,1.280 €,,,25.085 €,54.125 €,38.675 €,,,,,,,,,,,,
ISBER_CM,,,,,,CM,Stagione,22/23,50.000 €,,46.380 €,757 €,,,2.870 €,34.905 €,33.630 €,,,,,,,,,,,,
ISBER,,,,,,CASH,Stagione,22/23,24.590 €,4.098 €,22.118 €,491 €,,,1.722 €,14.568 €,13.693 €,,,,,,,,,,,,
LASI,,,,,,CASH,Stagione,22/23,36.000 €,,32.040 €,364 €,,,0 €,26.578 €,25.428 €,,,,,,,,,,,,
LEADSTAR Media,,,,,,CASH,Anno Solare,22/23,1.350 €,,1.350 €,0 €,,,0 €,1.350 €,1.350 €,,,,,,,,,,,,
Legabasket,,,,,,CASH,Stagione,22/23,0 €,,-29.690 €,1.010 €,,,22.190 €,-45.740 €,-45.740 €,,,,,,,,,,,,
LINDT,,,,,,CASH,Stagione,22/23,15.000 €,,15.000 €,300 €,,,0 €,10.500 €,10.500 €,,,,,,,,,,,,
LIUC,,,,,,CASH,Stagione,22/23,6.000 €,,6.000 €,518 €,,,0 €,-1.775 €,-2.200 €,,,,,,,,,,,,
LOCAUTO,,,,,,CASH,Stagione,22/23,10.100 €,,7.054 €,412 €,,,2.296 €,699 €,-976 €,,,,,,,,,,,,
MACCECHINI,,,,,,CM,Stagione,22/23,3.000 €,,2.402 €,212 €,,,598 €,-773 €,-948 €,,,,,,,,,,,,
MACRON,,,,,,CM,Stagione,22/23,85.000 €,,85.000 €,0 €,,,0 €,85.000 €,85.000 €,,,,,,,,,,,,
MAGHETTI,,,,,,CASH,Stagione,22/23,15.000 €,,11.954 €,793 €,,,2.296 €,54 €,-746 €,,,,,,,,,,,,
MANCUSO PIU',,,,,,CASH,Stagione,22/23,2.000 €,,2.000 €,80 €,,,0 €,800 €,800 €,,,,,,,,,,,,
MAS AMOR,,,,,,CM,Stagione,22/23,7.500 €,,7.500 €,0 €,,,0 €,7.500 €,7.500 €,,,,,,,,,,,,
MASTERPACK,,,,,,CASH,Stagione,22/23,10.000 €,,7.146 €,612 €,,,2.854 €,-2.034 €,-2.034 €,,,,,,,,,,,,
MAZZUCHELLI,,,,,,CASH,Anno Solare,22/23,5.000 €,,5.000 €,281 €,,,0 €,788 €,363 €,,,,,,,,,,,,
NEW GOMME - CONTINENTAL,,,,,,CASH,Stagione,22/23,5.000 €,,3.572 €,283 €,,,1.428 €,-678 €,-1.928 €,,,,,,,,,,,,
NIPPO MOTORS,,,,,,CM,Stagione,22/23,20.000 €,,16.954 €,1.105 €,,,2.296 €,259 €,259 €,,,,,,,,,,,,
NOVAUTO,,,,,,CM,Stagione,22/23,20.000 €,,16.212 €,630 €,,,3.788 €,6.762 €,6.087 €,,,,,,,,,,,,
NOVELLO,,,,,,CASH,Stagione,22/23,15.000 €,,12.524 €,767 €,,,2.476 €,1.024 €,-126 €,,,,,,,,,,,,
NUTRITION & SANTE - ISOSTAD_CM,,,,,,CM,Stagione,22/23,7.500 €,,7.500 €,387 €,,,0 €,1.700 €,-50 €,,,,,,,,,,,,
NUTRITION & SANTE - ISOSTAD,,,,,,CASH,Stagione,22/23,2.500 €,1.000 €,2.500 €,152 €,,,0 €,225 €,-700 €,,,,,,,,,,,,
OLOPROJECT,,,,,,CM,Stagione,22/23,10.000 €,,8.622 €,354 €,,,1.378 €,3.312 €,2.637 €,,,,,,,,,,,,
OMP,,,,,,CM,Stagione,22/23,17.000 €,,17.000 €,660 €,,,0 €,7.100 €,7.100 €,,,,,,,,,,,,
OPENJOBMETIS,,,,,,CASH,Stagione,22/23,400.000 €,,341.632 €,7.767 €,,,49.758 €,224.052 €,223.602 €,,,,,,,,,,,,
ORGOGLIO VARESE,,,,,,CASH,Stagione,22/23,56.000 €,,35.163 €,4.067 €,,,20.837 €,-25.837 €,-28.487 €,,,,,,,,,,,,
OSSOLA,,,,,,CM,Stagione,22/23,1.000 €,,-2.724 €,0 €,,,3.724 €,-2.724 €,-2.724 €,,,,,,,,,,,,
PANZERI,,,,,,CASH,Stagione,22/23,10.000 €,,8.352 €,545 €,,,1.648 €,177 €,-498 €,,,,,,,,,,,,
PIGGY MARKET,,,,,,CASH,Anno Solare,22/23,5.000 €,,4.525 €,648 €,,,475 €,-5.200 €,-5.925 €,,,,,,,,,,,,
PREVCOM,,,,,,CASH,Stagione,22/23,250.000 €,,232.045 €,2.060 €,50.000 €,,14.265 €,150.605 €,191.155 €,,,,,,,,,,,,
PRM IMPIANTI,,,,,,CM,Stagione,22/23,6.000 €,,3.704 €,0 €,,,2.296 €,3.704 €,3.704 €,,,,,,,,,,,,
PUBBLYTEAM,,,,,,CASH,Stagione,22/23,15.000 €,,13.473 €,790 €,,,1.527 €,1.623 €,1.623 €,,,,,,,,,,,,
PUBBLYTEAM,,,,,,CM,Stagione,22/23,15.000 €,,15.000 €,0 €,,,0 €,15.000 €,15.000 €,,,,,,,,,,,,
RB ALBERGHIERA,,,,,,CASH,Anno Solare,22/23,5.000 €,,5.000 €,0 €,,,0 €,5.000 €,5.000 €,,,,,,,,,,,,
SEV,,,,,,CM,Stagione,22/23,33.000 €,,31.024 €,860 €,,,1.976 €,18.124 €,18.124 €,,,,,,,,,,,,
SEXTUS,,,,,,CM,Stagione,22/23,6.000 €,,3.704 €,437 €,,,2.296 €,-2.846 €,-3.096 €,,,,,,,,,,,,
SORELLE RAMONDA,,,,,,CM,Stagione,22/23,6.500 €,,4.204 €,300 €,,,2.296 €,-296 €,-296 €,,,,,,,,,,,,
STRUQTURE,,,,,,CASH,Stagione,22/23,2.800 €,,1.305 €,12 €,,,1.495 €,1.130 €,955 €,,,,,,,,,,,,
TAP TECH,,,,,,CASH,Stagione,22/23,10.000 €,,7.704 €,312 €,,,2.296 €,3.029 €,2.854 €,,,,,,,,,,,,
TCI,,,,,,CASH,Stagione,22/23,84.100 €,,83.504 €,970 €,,,596 €,68.954 €,68.954 €,,,,,,,,,,,,
TECNOSERVIZI,,,,,,CM,Stagione,22/23,20.000 €,,13.112 €,620 €,,,6.888 €,3.812 €,3.812 €,,,,,,,,,,,,
TIGROS,,,,,,CASH,Stagione,22/23,100.000 €,,91.612 €,1.545 €,,,6.888 €,68.437 €,63.087 €,,,,,,,,,,,,
TIME2PLAY,,,,,,CASH,Anno Solare,22/23,1.500 €,,1.500 €,0 €,,,0 €,1.500 €,1.500 €,,,,,,,,,,,,
UNIPOL/MORALIA,,,,,,CASH,Anno Solare,22/23,4.750 €,,4.750 €,0 €,,,0 €,4.750 €,4.750 €,,,,,,,,,,,,
UNIVA,,,,,,CASH,Stagione,22/23,5.000 €,,5.000 €,0 €,,,0 €,5.000 €,5.000 €,,,,,,,,,,,,
UNIVA SERVIZI,,,,,,CASH,Stagione,22/23,4.400 €,,3.252 €,0 €,,,1.148 €,3.252 €,3.252 €,,,,,,,,,,,,
VARESE NOI,,,,,,CM,Stagione,22/23,8.000 €,,6.738 €,330 €,,,1.262 €,1.788 €,1.788 €,,,,,,,,,,,,
VARESEWEB,,,,,,CM,Stagione,22/23,10.000 €,,9.286 €,567 €,,,714 €,786 €,-64 €,,,,,,,,,,,,
VCV,,,,,,CASH,Stagione,22/23,10.000 €,,8.852 €,540 €,,,1.148 €,752 €,752 €,,,,,,,,,,,,
VERBANO CARTE,,,,,,CM,Stagione,22/23,3.500 €,,2.786 €,200 €,,,714 €,-214 €,-214 €,,,,,,,,,,,,
VIRAS,,,,,,CM,Stagione,22/23,1.500 €,,786 €,112 €,,,714 €,-889 €,-1.064 €,,,,,,,,,,,,
VIVATICKET,,,,,,CASH,Stagione,22/23,25.000 €,5.000 €,25.000 €,623 €,,,0 €,15.650 €,15.300 €,,,,,,,,,,,,
VNC OWNER'S CLUB,,,,,,CASH,Stagione,22/23,390.000 €,,297.398 €,5.885 €,,,84.352 €,205.523 €,204.548 €,,,,,,,,,,,,
VNC OWNER'S CLUB,,,,,,CM,Stagione,22/23,64.319 €,,50.871 €,2.380 €,,,11.948 €,14.446 €,14.096 €,,,,,,,,,,,,
WEBLINK,,,,,,CM,Stagione,22/23,10.000 €,,6.442 €,240 €,,,3.558 €,2.842 €,2.842 €,,,,,,,,,,,,
ZANZI,,,,,,CM,Stagione,22/23,1.500 €,,72 €,0 €,,,1.428 €,72 €,72 €,,,,,,,,,,,,
7 AGENCY,,,,,,CASH,Anno Solare,23/24,1.400 €,,1.400 €,2 €,,,0 €,1.375 €,1.350 €,,,,,,,,,,,,
ACOMEA,,,,,,CASH,Anno Solare,23/24,2.500 €,,2.500 €,175 €,,,0 €,-125 €,-200 €,,,,,,,,,,,,
ADATTIVO,,,,,,CASH,Anno Solare,23/24,6.000 €,,4.473 €,288 €,,,1.527 €,148 €,-427 €,,,,,,,,,,,,
BROTHER,,,,,,CASH,Anno Solare,23/24,10.000 €,,7.704 €,0 €,,,2.296 €,7.704 €,7.704 €,,,,,,,,,,,,
CALZATURIFICIO DI BESNATE,,,,,,CASH,Anno Solare,23/24,1.250 €,,1.250 €,0 €,1.250 €,,0 €,0 €,1.250 €,,,,,,,,,,,,
CONSULTINVEST,,,,,,CASH,Anno Solare,23/24,5.000 €,,3.738 €,390 €,,,1.262 €,-2.107 €,-2.282 €,,,,,,,,,,,,
GENESI RETAILS,,,,,,CASH,Anno Solare,23/24,9.000 €,,9.000 €,1.054 €,,,0 €,-6.803 €,-9.078 €,,,,,,,,,,,,
LEADSTAR MEDIA,,,,,,CASH,Anno Solare,23/24,1.350 €,,1.350 €,5 €,,,0 €,1.275 €,1.200 €,,,,,,,,,,,,
MAZZUCHELLI,,,,,,CASH,Anno Solare,23/24,6.250 €,,6.250 €,281 €,,,0 €,2.038 €,1.613 €,,,,,,,,,,,,
RB ALBERGHIERA,,,,,,CASH,Anno Solare,23/24,2.500 €,,2.500 €,116 €,,,0 €,763 €,713 €,,,,,,,,,,,,
SIELCO,,,,,,CASH,Anno Solare,23/24,5.000 €,,3.572 €,210 €,,,1.428 €,427 €,252 €,,,,,,,,,,,,
SUMMEET,,,,,,CASH,Game,23/24,15.000 €,,8.266 €,0 €,,15.000 €,6.734 €,-6.734 €,-26.172 €,,,,,,,,,,,,
ESSE SOLAR,,,,,,CASH,Game,23/24,10.000 €,,2.948 €,0 €,,10.000 €,4.592 €,-7.052 €,-28.890 €,,,,,,,,,,,,
DROGHERIA 36,,,,,,CASH,Game,23/24,800 €,,800 €,141 €,,,0 €,-1.313 €,-1.738 €,,,,,,,,,,,,
SIMA ENERGIE,,,,,,CASH,Game,23/24,500 €,,500 €,30 €,,,0 €,50 €,50 €,,,,,,,,,,,,
A SERVICES,Facility Management,Piccola,Nazionale,,,CASH,Stagione,23/24,10.000 €,,10.000 €,175 €,,,0 €,7.375 €,7.300 €,,,,,,,,,,,,
A3EMME,,,,,,CM,Stagione,23/24,6.000 €,,1.408 €,80 €,,,4.592 €,88 €,88 €,,,,,,,,,,,,
ABBIATI,,,,,,CASH,Stagione,23/24,7.500 €,1.000 €,6.786 €,548 €,,,714 €,-1.429 €,-1.679 €,,,,,,,,,,,,
ACINQUE (Energy Cup),Energia,Grande,Nazionale,,,CASH,Stagione,23/24,6.000 €,,6.000 €,0 €,,,0 €,6.000 €,6.000 €,,,,,,,,,,,,
ACINQUE/ACEL,Energia,Grande,Nazionale,,,CASH,Stagione,23/24,60.000 €,5.000 €,52.958 €,2.268 €,,,5.542 €,18.693 €,17.668 €,,,,,,,,,,,,
AGRICOLA,,,,,,CASH,Stagione,23/24,15.000 €,,13.215 €,662 €,,,1.785 €,3.170 €,2.745 €,,,,,,,,,,,,
AON,,,,,,CASH,Stagione,23/24,15.000 €,2.000 €,7.590 €,575 €,,,6.180 €,-1.215 €,-1.290 €,,,,,,,,,,,,
ART GARDEN,,,,,,CASH,Stagione,23/24,6.200 €,,5.052 €,218 €,,,1.148 €,1.788 €,1.663 €,,,,,,,,,,,,
ART GARDEN_CM,,,,,,CM,Stagione,23/24,5.800 €,,4.652 €,218 €,,,1.148 €,1.388 €,1.263 €,,,,,,,,,,,,
ARTES ,,,,,,CASH,Stagione,23/24,16.500 €,3.000 €,14.715 €,1.055 €,,,1.785 €,-1.110 €,-1.260 €,,,,,,,,,,,,
AUTOLINEE VARESINE,,,,,,CM,Stagione,23/24,14.500 €,,3.934 €,0 €,,,8.316 €,3.814 €,3.814 €,,,,,,,,,,,,
AUTOTORINO,,,,,,CASH,Stagione,23/24,5.660 €,,4.946 €,305 €,,,714 €,371 €,296 €,,,,,,,,,,,,
BRAGA,,,,,,CASH,Stagione,23/24,8.000 €,1.000 €,8.000 €,573 €,,,0 €,-600 €,-1.100 €,,,,,,,,,,,,
C'ERA UNA VOLTA,,,,,,CM,Stagione,23/24,5.000 €,,4.007 €,565 €,,,993 €,-4.468 €,-4.468 €,,,,,,,,,,,,
CENTRELLA,,,,,,CASH,Stagione,23/24,4.000 €,600 €,2.098 €,118 €,,,1.527 €,336 €,261 €,,,,,,,,,,,,
CHARITY STARS,,,,,,CASH,Stagione,23/24,0 €,,0 €,0 €,,,0 €,0 €,0 €,,,,,,,,,,,,
COLORIFICIO PAPOTTI,,,,,,CASH,Stagione,23/24,4.800 €,500 €,3.372 €,197 €,,,1.428 €,302 €,52 €,,,,,,,,,,,,
CORSI DI LINGUE,,,,,,CM,Stagione,23/24,7.000 €,,4.357 €,144 €,,,1.893 €,2.077 €,2.077 €,,,,,,,,,,,,
DIVITA - RICOLA,,,,,,CASH,Stagione,23/24,18.000 €,2.000 €,18.000 €,743 €,,,0 €,6.850 €,-2.050 €,,,,,,,,,,,,
ELIOR,,,,,,CASH,Stagione,23/24,15.000 €,,15.000 €,846 €,,,0 €,2.310 €,2.310 €,,,,,,,,,,,,
ELMAR,,,,,,CASH,Stagione,23/24,5.000 €,,431 €,562 €,,,3.444 €,-8.114 €,-9.039 €,,,,,,,,,,,,
ELMEC INFORMATICA,,,,,,CASH,Stagione,23/24,100.000 €,,77.727 €,805 €,70.000 €,,19.168 €,-4.888 €,64.537 €,,,,,,,,,,,,
EMMEBI INVESTIGAZIONI,,,,,,CASH,Stagione,23/24,4.700 €,,3.438 €,359 €,,,1.262 €,-1.947 €,-2.022 €,,,,,,,,,,,,
ERREÀ,,,,,,CM,Stagione,23/24,80.000 €,,76.276 €,805 €,,,3.724 €,64.021 €,63.571 €,,,,,,,,,,,,
ESSE SOLAR,,,,,,CM,Stagione,23/24,32.200 €,,32.200 €,0 €,,,0 €,32.080 €,32.080 €,,,,,,,,,,,,
F.LLI BADI,,,,,,CASH,Stagione,23/24,17.000 €,,14.357 €,485 €,,,1.893 €,6.962 €,6.137 €,,,,,,,,,,,,
F.LLI BADI_CM,,,,,,CM,Stagione,23/24,10.000 €,,8.619 €,127 €,,,631 €,6.719 €,6.469 €,,,,,,,,,,,,
FIL.VA,,,,,,CASH,Stagione,23/24,8.000 €,,8.000 €,973 €,,,0 €,-6.600 €,-7.100 €,,,,,,,,,,,,
FINAZZI,,,,,,CASH,Stagione,23/24,7.000 €,,5.738 €,275 €,,,1.262 €,1.613 €,863 €,,,,,,,,,,,,
FNM,,,,,,CASH,Stagione,23/24,45.000 €,,38.908 €,1.450 €,,,4.592 €,17.158 €,16.458 €,,,,,,,,,,,,
FRA DIAVOLO,,,,,,CASH,Stagione,23/24,5.000 €,,5.000 €,674 €,,,0 €,-5.113 €,-5.438 €,,,,,,,,,,,,
FRAGALE,,,,,,CM,Stagione,23/24,2.500 €,,2.500 €,116 €,,,0 €,763 €,713 €,,,,,,,,,,,,
GRAFICHE QUIRICI,,,,,,CM,Stagione,23/24,7.000 €,,3.442 €,108 €,,,3.558 €,1.822 €,1.822 €,,,,,,,,,,,,
GRASSI,,,,,,CASH,Stagione,23/24,10.000 €,,10.000 €,0 €,,,0 €,10.000 €,10.000 €,,,,,,,,,,,,
GRESSONEY - REGIONE VALLE D'AOSTA,,,,,,CASH,Stagione,23/24,30.000 €,,30.000 €,1.018 €,,,0 €,14.725 €,12.850 €,,,,,,,,,,,,
IDROTECH VARESE,,,,,,CASH,Stagione,23/24,5.350 €,,2.494 €,202 €,,,2.856 €,-531 €,-856 €,,,,,,,,,,,,
INTERNET ONE,,,,,,CM,Stagione,23/24,20.000 €,,14.430 €,513 €,,,4.820 €,6.490 €,6.290 €,,,,,,,,,,,,
INTESA SAN PAOLO,,,,,,CASH,Stagione,23/24,200.000 €,10.000 €,180.008 €,0 €,,20.000 €,19.242 €,159.648 €,179.648 €,,,,,,,,,,,,
IRCA,,,,,,CASH,Stagione,23/24,100.000 €,5.000 €,67.476 €,1.918 €,,,27.544 €,38.341 €,21.316 €,,,,,,,,,,,,
ISBER_CM,,,,,,CM,Stagione,23/24,50.000 €,,47.329 €,609 €,,,2.296 €,38.192 €,38.017 €,,,,,,,,,,,,
ISBER,,,,,,CASH,Stagione,23/24,15.000 €,5.000 €,11.954 €,614 €,,,2.296 €,2.562 €,2.312 €,,,,,,,,,,,,
ITELYUM,,,,,,CASH,Stagione,23/24,165.000 €,5.000 €,160.431 €,6.962 €,,,3.444 €,55.826 €,-12.599 €,,,,,,,,,,,,
LEDVANCE,,,,,,CM,Stagione,23/24,17.000 €,,15.572 €,545 €,,,1.428 €,7.397 €,7.322 €,,,,,,,,,,,,
LINDT,,,,,,CASH,Stagione,23/24,0 €,,0 €,0 €,,,0 €,0 €,0 €,,,,,,,,,,,,
LIUC,,,,,,CASH,Stagione,23/24,6.500 €,1.000 €,6.500 €,384 €,,,0 €,735 €,235 €,,,,,,,,,,,,
LOCAUTO RENT,,,,,,CASH,Stagione,23/24,10.100 €,1.500 €,9.220 €,338 €,,,505 €,4.145 €,3.570 €,,,,,,,,,,,,
MACCECHINI,,,,,,CM,Stagione,23/24,3.000 €,,2.402 €,0 €,,,598 €,2.402 €,2.402 €,,,,,,,,,,,,
MACCHI VARESE,,,,,,CASH,Stagione,23/24,4.500 €,,3.429 €,180 €,,,1.071 €,729 €,729 €,,,,,,,,,,,,
MAGHETTI,,,,,,CASH,Stagione,23/24,15.000 €,,11.954 €,740 €,,,2.296 €,854 €,854 €,,,,,,,,,,,,
MANCUSO PIÙ,,,,,,CASH,Stagione,23/24,4.000 €,,4.000 €,327 €,,,0 €,-900 €,-925 €,,,,,,,,,,,,
MARELLI & POZZI,,,,,,CM,Stagione,23/24,12.000 €,,11.250 €,0 €,,,0 €,11.130 €,11.130 €,,,,,,,,,,,,
MAS AMOR,,,,,,CM,Stagione,23/24,15.000 €,,14.348 €,420 €,,,652 €,8.048 €,8.048 €,,,,,,,,,,,,
MASTERPACK,,,,,,CASH,Stagione,23/24,15.000 €,,12.146 €,726 €,,,2.854 €,1.251 €,751 €,,,,,,,,,,,,
NICOLA GALLI,,,,,,CASH,Stagione,23/24,14.000 €,,8.711 €,237 €,,,3.444 €,4.621 €,4.446 €,,,,,,,,,,,,
NIPPO MOTORS,,,,,,CM,Stagione,23/24,10.000 €,,6.954 €,753 €,,,2.296 €,-4.334 €,-4.334 €,,,,,,,,,,,,
NOVELLO,,,,,,CASH,Stagione,23/24,15.000 €,2.000 €,15.000 €,887 €,,,0 €,1.700 €,550 €,,,,,,,,,,,,
NUTRITION & SANTE - ISOSTAD_CM,,,,,,CM,Stagione,23/24,7.500 €,,7.500 €,0 €,,,0 €,7.500 €,7.500 €,,,,,,,,,,,,
NUTRITION & SANTE - ISOSTAD,,,,,,CASH,Stagione,23/24,2.500 €,1.000 €,2.500 €,180 €,,,0 €,-200 €,-875 €,,,,,,,,,,,,
OPENJOBMETIS,,,,,,CASH,Stagione,23/24,,,354.636 €,10.122 €,,,36.139 €,,149.706 €,,,,,,,,,,,,
ORGOGLIO VARESE,,,,,,CASH,Stagione,23/24,80.000 €,,78.500 €,0 €,,,0 €,78.500 €,78.500 €,,,,,,,,,,,,
PELLIGRA ITALIA,,,,,,CASH,Stagione,23/24,138.462 €,,138.462 €,4.370 €,,,0 €,72.912 €,72.462 €,,,,,,,,,,,,
POZZI,,,,,,CASH,Stagione,23/24,6.000 €,,3.704 €,686 €,,,2.296 €,-6.584 €,-7.084 €,,,,,,,,,,,,
PUBBLYTEAM,,,,,,CASH,Stagione,23/24,10.000 €,,8.477 €,570 €,,,1.148 €,-73 €,-523 €,,,,,,,,,,,,
PREVCOM,,,,,,CASH,Stagione,23/24,500.000 €,,476.964 €,2.900 €,250.000 €,,19.346 €,182.919 €,415.244 €,,,,,,,,,,,,
RB ALBERGHIERA,,,,,,CM,Stagione,23/24,5.000 €,,5.000 €,0 €,,,0 €,5.000 €,5.000 €,,,,,,,,,,,,
RENT4FOOD,,,,,,CM,Stagione,23/24,7.000 €,,5.572 €,120 €,,,1.428 €,3.772 €,3.772 €,,,,,,,,,,,,
SECONDA STRADA,,,,,,CASH,Stagione,23/24,5.000 €,,5.000 €,257 €,,,0 €,1.150 €,900 €,,,,,,,,,,,,
SECONDA STRADA_CM,,,,,,CM,Stagione,23/24,2.000 €,,2.000 €,72 €,,,0 €,925 €,750 €,,,,,,,,,,,,
SEMPLICE FOOD,,,,,,CASH,Stagione,23/24,7.500 €,1.000 €,4.454 €,258 €,,,2.296 €,579 €,4 €,,,,,,,,,,,,
SEV,,,,,,CM,Stagione,23/24,20.000 €,,18.738 €,860 €,,,1.262 €,5.838 €,5.838 €,,,,,,,,,,,,
STRUQTURE,,,,,,CASH,Stagione,23/24,6.600 €,1.000 €,4.815 €,448 €,,,1.785 €,-1.910 €,-2.335 €,,,,,,,,,,,,
SUNRISE MEDIA ,,,,,,CM,Stagione,23/24,12.000 €,,7.221 €,120 €,,,4.779 €,5.421 €,5.421 €,,,,,,,,,,,,
TCI,,,,,,CASH,Stagione,23/24,100.000 €,,84.976 €,2.092 €,,,13.794 €,53.061 €,52.986 €,,,,,,,,,,,,
TECNOSERVIZI,,,,,,CM,Stagione,23/24,20.000 €,,11.612 €,0 €,,,6.888 €,11.492 €,11.492 €,,,,,,,,,,,,
TECNOTETTO,,,,,,CASH,Stagione,23/24,2.300 €,500 €,2.300 €,221 €,,,0 €,-1.015 €,-1.090 €,,,,,,,,,,,,
TIGROS,,,,,,CASH,Stagione,23/24,100.000 €,,93.158 €,5.208 €,,,4.592 €,15.033 €,9.458 €,,,,,,,,,,,,
TIME2PLAY,,,,,,CASH,Stagione,23/24,1.500 €,,1.500 €,0 €,,,0 €,1.500 €,1.500 €,,,,,,,,,,,,
TORSELLINI VETRO,,,,,,CASH,Stagione,23/24,8.000 €,,4.954 €,640 €,,,2.296 €,-4.646 €,-4.646 €,,,,,,,,,,,,
UNIVA,,,,,,CASH,Stagione,23/24,4.400 €,,3.769 €,5 €,,,631 €,3.694 €,3.619 €,,,,,,,,,,,,
VARESE NOI,,,,,,CM,Stagione,23/24,8.000 €,,6.738 €,330 €,,,1.262 €,1.788 €,1.788 €,,,,,,,,,,,,
VARESEWEB,,,,,,CM,Stagione,23/24,0 €,,-714 €,567 €,,,714 €,-9.214 €,-10.064 €,,,,,,,,,,,,
VCV,,,,,,CASH,Stagione,23/24,10.000 €,,10.000 €,557 €,,,0 €,1.650 €,1.400 €,,,,,,,,,,,,
VERBANO CARTE,,,,,,CM,Stagione,23/24,3.500 €,,2.786 €,205 €,,,714 €,-289 €,-364 €,,,,,,,,,,,,
VIRAS,,,,,,CM,Stagione,23/24,1.500 €,,786 €,0 €,,,714 €,786 €,786 €,,,,,,,,,,,,
VIVATICKET,,,,,,CM,Stagione,23/24,25.000 €,5.000 €,18.908 €,388 €,,,4.592 €,13.083 €,12.658 €,,,,,,,,,,,,
VNC OWNER'S CLUB,,,,,,CASH,Stagione,23/24,132.380 €,,29.549 €,12.515 €,,,81.831 €,-161.476 €,-161.476 €,,,,,,,,,,,,
VNC OWNER'S CLUB_CM,,,,,,CM,Stagione,23/24,47.620 €,,47.620 €,0 €,,,0 €,47.620 €,47.620 €,,,,,,,,,,,,
WEBLINK,,,,,,CM,Stagione,23/24,0 €,,-4.683 €,0 €,,,3.558 €,-4.683 €,-4.683 €,,,,,,,,,,,,
YOP,,,,,,CM,Stagione,23/24,45.000 €,,38.469 €,1.247 €,,,5.781 €,19.769 €,19.519 €,,,,,,,,,,,,
Z ONE CONCEPT,,,,,,CASH,Stagione,23/24,11.800 €,,9.938 €,102 €,,,1.862 €,8.413 €,6.888 €,,,,,,,,,,,,
ZANZI,,,,,,CM,Stagione,23/24,1.500 €,,72 €,0 €,,,1.428 €,72 €,72 €,,,,,,,,,,,,
92DESIGN,Comunicazione/Pubblicità,Piccola,Locale,,,CASH,Stagione,24/25,2.000 €,,1.525 €,72 €,,,475 €,450 €,-625 €,,,,,1.000 €,,1.000 €,,,,,
A SERVICES,Facility Management,Piccola,Nazionale,,,CASH,Stagione,24/25,10.000 €,,6.177 €,345 €,,,3.823 €,1.002 €,927 €,,,10.000 €,,,,,,,,,
ABBIATI,Serramenti,Piccola,Locale,,,CASH,Stagione,24/25,7.500 €,1.000 €,6.786 €,413 €,,,714 €,596 €,346 €,,,,1.500 €,1.500 €,,1.500 €,,1.500 €,,1.500 €,
ACINQUE/ACEL,Energia,Grande,Nazionale,,,CASH,Stagione,24/25,60.000 €,5.000 €,52.958 €,2.268 €,,,5.542 €,18.693 €,17.668 €,,,,30.000 €,,,30.000 €,,,,,
ACOMEA,Finanziario/Bancario,Grande,Nazionale,,,CASH,Anno Solare,24/25,5.000 €,,5.000 €,375 €,,,0 €,-625 €,2.300 €,,,,,,,,,,,,
AERAS AVIATION,Aerospace,Grande,Internazionale,,,CASH,Stagione,24/25,30.000 €,4.500 €,14.658 €,815 €,,,12.132 €,2.073 €,1.323 €,,,10.000 €,,,10.000 €,,,10.000 €,,,
AGRICOLA,Commercio/GDO,Piccola,Locale,,,CASH,Stagione,24/25,15.000 €,2.500 €,13.215 €,562 €,,,1.785 €,4.670 €,4.245 €,,,5.000 €,,,5.000 €,,5.000 €,,,,
ALA,Aerospace,Grande,Internazionale,,,CASH,Stagione,24/25,20.000 €,3.000 €,13.852 €,717 €,,,4.918 €,2.912 €,2.412 €,,,10.000 €,,,10.000 €,,,,,,
AON,Assicurazioni,Grande,Nazionale,,,CASH,Stagione,24/25,15.000 €,2.000 €,8.852 €,455 €,,,4.918 €,1.847 €,422 €,,,,,,15.000 €,,,,,,
ARTES ,Industria,Media,Locale,,,CASH,Stagione,24/25,16.500 €,3.000 €,14.715 €,798 €,,,1.785 €,2.753 €,2.678 €,,,,,,,6.500 €,5.000 €,5.000 €,,,
AUTOLINEE VARESINE,Trasporti,Media,Locale,,,CM,Stagione,24/25,12.000 €,,1.434 €,0 €,,,8.316 €,1.134 €,1.134 €,,,,,,,,,,,,
BADI,Food & Beverage,Piccola,Locale,,,CM,Stagione,24/25,8.000 €,,3.976 €,345 €,,,2.524 €,-1.319 €,-1.394 €,,,,,,,,,,,,
BIRRA CASTELLO,Food & Beverage,Grande,Nazionale,,,CASH,Stagione,24/25,12.500 €,,12.500 €,914 €,,,0 €,-1.205 €,-1.230 €,,,,,12.500 €,,,,,,,
BRAGA,Industria,Grande,Nazionale,,,CASH,Stagione,24/25,20.000 €,3.000 €,20.000 €,1.237 €,,,0 €,1.450 €,600 €,,,,,20.000 €,,,,,,,
C'ERA UNA VOLTA,Ho.Re.Ca.,Piccola,Locale,,,CM,Stagione,24/25,7.000 €,,6.582 €,0 €,,,418 €,6.582 €,132 €,,,,,,,,,,,,
CALZATURIFICIO DI BESNATE,Commercio/GDO,Piccola,Locale,,,CASH,Anno Solare,24/25,1.000 €,,1.000 €,0 €,,,0 €,1.000 €,500 €,,,,,,,,,,,,
CENTRELLA,Medico,Piccola,Locale,,,CASH,Stagione,24/25,5.000 €,1.000 €,2.988 €,118 €,,,1.262 €,1.226 €,1.151 €,,,,,,2.500 €,,,2.500 €,,,
COLORIFICIO PAPOTTTI,Commercio/GDO,Piccola,Locale,,,CASH,Stagione,24/25,4.800 €,500 €,3.372 €,95 €,,,1.428 €,1.827 €,1.752 €,,,1.000 €,,1.000 €,,1.000 €,,1.000 €,,800 €,
CONSULTINVEST,Finanziario/Bancario,Grande,Nazionale,,,CASH,Anno Solare,24/25,10.000 €,1.000 €,8.738 €,390 €,,,1.262 €,2.893 €,2.718 €,,,,,,,,,,,,
CORSI DI LINGUE,Scolastico/Corsi,Piccola,Locale,,,CM,Stagione,24/25,4.000 €,,2.107 €,345 €,,,1.893 €,-3.188 €,-3.263 €,,,,,,,,,,,,
CREATIVE LABS,Servizi/Artigiano,Piccola,Nazionale,,,CASH,Stagione,24/25,10.000 €,,6.954 €,562 €,,,2.296 €,-1.591 €,-1.916 €,,,,,10.000 €,,,,,,,
DIVANI & DIVANI,Commercio/GDO,Piccola,Nazionale,,,CM,Stagione,24/25,25.000 €,3.500 €,24.286 €,1.414 €,,,714 €,3.071 €,-2.454 €,,,,,,,,,,,,
DIVITA - RICOLA,Food & Beverage,Media,Nazionale,,,CASH,Stagione,24/25,20.000 €,2.500 €,20.000 €,1.287 €,,,0 €,695 €,-6.055 €,,,10.000 €,,10.000 €,,,,,,,
DUFERCO,Energia,Grande,Nazionale,,,CASH,Stagione,24/25,20.000 €,3.000 €,17.704 €,823 €,,,2.296 €,5.354 €,4.854 €,,,,10.000 €,,,10.000 €,,,,,
EDILDOMUS,Edilizia,Piccola,Locale,,,CASH,Stagione,24/25,6.250 €,600 €,5.536 €,152 €,2.000 €,,714 €,1.261 €,2.511 €,,,,,,,,,,,,
ELMAR,Elettronica,Piccola,Locale,,,CASH,Stagione,24/25,10.000 €,1.500 €,5.431 €,562 €,,,3.444 €,-3.114 €,-4.039 €,,,5.000 €,,,5.000 €,,,,,,
ELMEC INFORMATICA,IT,Grande,Nazionale,,,CASH,Stagione,24/25,100.000 €,,77.727 €,555 €,70.000 €,,19.168 €,-1.798 €,67.627 €,,,,,,,,,,,,
ERREÀ,Abbigliamento,Media,Nazionale,,,CM,Stagione,24/25,65.000 €,,61.276 €,805 €,,,3.724 €,49.021 €,48.571 €,,,,,,,,,,,,
FILVA,Industria,Media,Nazionale,,,CASH,Stagione,24/25,7.080 €,1.000 €,5.652 €,33 €,,,1.428 €,5.152 €,4.652 €,,,,7.080 €,,,,,,,,
FINAZZI,Serramenti,Piccola,Locale,,,CASH,Stagione,24/25,7.500 €,1.000 €,6.238 €,62 €,,,1.262 €,5.313 €,4.388 €,,,,,7.500 €,,,,,,,
FNM,Trasporti,Grande,Regionale,,,CASH,Stagione,24/25,45.000 €,,38.908 €,1.296 €,,15.000 €,4.592 €,4.228 €,18.978 €,,,,,,,,,,,,
FRAGALE,Ho.Re.Ca.,Piccola,Locale,,,CM,Stagione,24/25,3.500 €,,3.500 €,43 €,,,0 €,2.850 €,2.800 €,,,,,,,,,,,,
GENESI RETAILS,Commercio/GDO,Piccola,Locale,,,CASH,Anno Solare,24/25,9.000 €,,9.000 €,1.054 €,,,0 €,-6.803 €,-9.078 €,,,,,,,,,,,,
GHERITTI,Facility Management,Piccola,Locale,,,CASH,Stagione,24/25,4.500 €,500 €,3.786 €,129 €,,,714 €,1.849 €,1.599 €,,,,1.000 €,1.000 €,,1.000 €,1.000 €,5.000 €,,,
GRAFICHE QUIRICI,Media,Piccola,Locale,,,CM,Stagione,24/25,7.000 €,,3.442 €,311 €,,,3.558 €,-1.223 €,-1.298 €,,,,,,,,,,,,
GREENBACK,Servizi/Artigiano,Piccola,Locale,,,CM,Stagione,24/25,4.000 €,,3.286 €,84 €,,,714 €,2.024 €,1.774 €,,,,,,,,,,,,
GRESSONEY - VALLE D'AOSTA,Pubblico,Piccola,Regionale,,,CASH,Stagione,24/25,30.000 €,,30.000 €,0 €,,,0 €,30.000 €,30.000 €,,,,,,,,,,,,30.000 €
IDROTECH,Servizi/Artigiano,Piccola,Locale,,,CASH,Stagione,24/25,6.500 €,1.000 €,3.644 €,287 €,,,2.856 €,-656 €,-906 €,,,2.500 €,2.000 €,2.000 €,,,,,,,
IN PIÙ BROKER,,,,,,CASH,Anno Solare,24/25,10.000 €,,9.631 €,748 €,,,0 €,-2.743 €,2.246 €,,,,,,,,,5.000 €,5.000 €,,
INTESA SAN PAOLO,Finanziario/Bancario,Grande,Nazionale,,,CASH,Stagione,24/25,180.000 €,,160.958 €,2.575 €,,20.000 €,18.292 €,101.973 €,116.198 €,,,,,,,,,,,,
INTRED,ISP,Media,Regionale,,,CM,Stagione,24/25,38.329 €,,36.033 €,1.872 €,,,2.296 €,7.953 €,7.028 €,,,,,,,,,,,,
IRCA,Industria,Grande,Nazionale,,,CASH,Stagione,24/25,100.000 €,5.000 €,67.476 €,1.918 €,,,27.544 €,38.341 €,21.316 €,,,40.000 €,,,30.000 €,,,30.000 €,,,
ISBER,Medico,Piccola,Locale,,,CASH,Stagione,24/25,14.754 €,4.098 €,9.412 €,0 €,2.459 €,,4.592 €,6.653 €,9.112 €,,,,,,,,,,,,
ISBER_CM,Medico,Piccola,Locale,,,CM,Stagione,24/25,28.689 €,,28.689 €,1.366 €,,,0 €,8.201 €,7.701 €,,,,,,,,,,,,
ITELYUM,Rifiuti,Grande,Nazionale,,,CASH,Stagione,24/25,165.000 €,5.000 €,160.431 €,6.962 €,,,3.444 €,55.826 €,-12.599 €,,,50.000 €,,,50.000 €,,,50.000 €,,15.000 €,
LIUC,Scolastico/Corsi,Media,Nazionale,,,CASH,Stagione,24/25,6.500 €,,6.500 €,30 €,,,0 €,6.050 €,5.600 €,,,6.500 €,,,,,,,,,
LOCAUTO,Automotive,Grande,Nazionale,,,CASH,Stagione,24/25,10.100 €,1.500 €,9.595 €,583 €,,,505 €,845 €,345 €,,,,,,10.100 €,,,,,,
MACCECHINI,Commercio/GDO,Piccola,Locale,,,CM,Stagione,24/25,3.000 €,,2.402 €,80 €,,,598 €,1.082 €,1.082 €,,,,,,,,,,,,
MACCHI VARESE,Commercio/GDO,Piccola,Locale,,,CASH,Stagione,24/25,4.500 €,700 €,3.429 €,95 €,,,1.071 €,2.004 €,1.929 €,,,1.500 €,1.500 €,1.500 €,,,,,,,
MAGHETTI,Servizi/Artigiano,Piccola,Locale,,,CASH,Stagione,24/25,16.000 €,,9.908 €,745 €,,,4.592 €,-1.387 €,-1.462 €,,,5.000 €,,,,5.000 €,6.000 €,,,,
MALPENSA 24,Media,Piccola,Locale,,,CM,Stagione,24/25,7.500 €,,7.500 €,81 €,,,0 €,6.290 €,6.040 €,,,,,,,,,,,,
MARANGON,,,,,,CASH,Metà Stagione,24/25,3.000 €,,3.000 €,132 €,,,0 €,1.020 €,1.731 €,,,,,,,1.000 €,1.000 €,1.000 €,,,
MAS AMOR,Ho.Re.Ca.,Piccola,Locale,,,CM,Stagione,24/25,20.000 €,,19.348 €,486 €,,,652 €,12.060 €,11.560 €,,,,,,,,,,,,
MASTERPACK,Industria,Grande,Nazionale,,,CASH,Stagione,24/25,15.000 €,2.500 €,10.179 €,573 €,,,4.071 €,1.459 €,959 €,,,,15.000 €,,,,,,,,
MAZZUCHELLI,Commercio/GDO,Piccola,Locale,,,CASH,Anno Solare,24/25,6.750 €,,6.750 €,516 €,,,0 €,-988 €,-1.488 €,,,2.500 €,,,2.500 €,,,,,,
MEDIBRAND,Medico,Piccola,Nazionale,,,CM,Stagione,24/25,17.000 €,,13.556 €,335 €,,,3.444 €,8.531 €,8.006 €,,,,,,,,,,,,
MOTOROLA ,Elettronica,Grande,Internazionale,,,CASH,Stagione,24/25,130.000 €,10.000 €,117.816 €,2.572 €,,,9.184 €,78.761 €,71.736 €,,,,,,70.000 €,,,60.000 €,,,
NIPPO MOTORS_CM,Automotive,Media,Locale,,,CASH,Stagione,24/25,10.000 €,,6.954 €,458 €,,,2.296 €,-29 €,-104 €,,,,,,7.000 €,,,,,,3.000 €
NIPPO MOTORS,Automotive,Media,Locale,,,CM,Stagione,24/25,3.000 €,,3.000 €,0 €,,,0 €,3.000 €,3.000 €,,,,,,,,,,,,
NOVELLO,Industria,Piccola,Nazionale,,,CASH,Stagione,24/25,15.000 €,2.000 €,12.520 €,968 €,,,2.480 €,-1.995 €,-10.570 €,,,,7.500 €,,7.500 €,,,,,,
NUTRITION & SANTE - ISOSTAD,Food & Beverage,Grande,Nazionale,,,CASH,Stagione,24/25,2.500 €,1.000 €,2.500 €,423 €,,,0 €,-3.840 €,-5.590 €,,,,,,,2.500 €,,,,,
NUTRITION & SANTE - ISOSTAD_CM,Food & Beverage,Grande,Nazionale,,,CM,Stagione,24/25,3.500 €,,3.500 €,0 €,,,0 €,3.500 €,3.500 €,,,,,,,,,,,,
OLYMPIA WEALTH,Finanziario/Bancario,Piccola,Internazionale,,,CASH,Stagione,24/25,2.000 €,,2.000 €,67 €,2.000 €,,0 €,-1.000 €,1.000 €,,,,,,,,20.000 €,,,,
OPENJOBMETIS,Lavoro,Grande,Nazionale,,,CASH,Stagione,24/25,510.000 €,,467.057 €,9.775 €,,,31.873 €,319.467 €,316.142 €,,,50.000 €,50.000 €,50.000 €,50.000 €,50.000 €,50.000 €,50.000 €,50.000 €,,
ORGOGLIO VARESE,Altro,Piccola,Locale,,,CASH,Stagione,24/25,20.000 €,,20.000 €,0 €,,,0 €,20.000 €,,,,,,,,,,,,,20.000 €
ORRIGONI GOMME,Commercio/GDO,Piccola,Locale,,,CM,Stagione,24/25,750 €,,418 €,5 €,,,332 €,343 €,268 €,,,,,,,,,,,,
OSSOLA,Consulenza/Libero Prof.,Piccola,Locale,,,CM,Stagione,24/25,5.000 €,,-306 €,0 €,,,5.306 €,-486 €,-486 €,,,,,,,,,,,,
PASTICCERIA MILANO,Commercio/GDO,Piccola,Locale,,,CM,Stagione,24/25,4.000 €,,4.000 €,137 €,,,0 €,1.950 €,1.100 €,,,,,,,,,,,,
PAUL & SHARK,Abbigliamento,Grande,Internazionale,,,CM,Stagione,24/25,7.500 €,,4.454 €,0 €,,,2.296 €,4.454 €,4.454 €,,,,,,,,,,,,
PREMIATA,Ho.Re.Ca.,Piccola,Locale,,,CASH,Stagione,24/25,1.000 €,,1.000 €,108 €,,,0 €,-613 €,355 €,,,,,,,1.000 €,,,,,
PUBLYTEAM,Comunicazione/Pubblicità,Piccola,Regionale,,,CASH,Stagione,24/25,5.000 €,,4.242 €,345 €,,,758 €,-933 €,-1.008 €,,,,,,5.000 €,,,,,,
PREVCOM,Commercio/GDO,Grande,Nazionale,,,CASH,Stagione,24/25,,,476.964 €,2.900 €,250.000 €,,19.346 €,,,,,,,,,,,,,,
RB ALBERGHIERA,Ho.Re.Ca.,Piccola,Locale,,,CASH,Anno Solare,24/25,2.500 €,,2.500 €,116 €,,,0 €,763 €,713 €,,,,,,,,,,,,
RENT4FOOD,Servizi/Artigiano,Piccola,Locale,,,CM,Stagione,24/25,10.000 €,,7.858 €,340 €,,,2.142 €,2.758 €,2.758 €,,,,,,,,,,,,
SANGIACOMO DECOR,Servizi/Artigiano,Piccola,Locale,,,CM,Stagione,24/25,6.000 €,1.000 €,4.738 €,275 €,,,1.262 €,613 €,-137 €,,,,,,,,,,,,
SECONDA STRADA,Commercio/GDO,Media,Locale,,,CASH,Stagione,24/25,5.000 €,1.000 €,4.525 €,338 €,,,475 €,-550 €,-1.125 €,,,,2.500 €,,,2.500 €,,,,,
SECONDA STRADA_CM,Commercio/GDO,Media,Locale,,,CM,Stagione,24/25,3.000 €,,3.000 €,23 €,,,0 €,2.650 €,2.300 €,,,,,,,,,,,,
SEV,Media,Piccola,Locale,,,CM,Stagione,24/25,9.500 €,,8.572 €,81 €,,,928 €,7.362 €,7.112 €,,,,,,,,,,,,
SIELCO,IT,Media,Locale,,,CASH,Anno Solare,24/25,5.000 €,,4.286 €,210 €,,,714 €,1.141 €,966 €,,,,,,,,,,,,
SIMONE FUSO,Consulenza/Libero Prof.,Piccola,Locale,,,CASH,Stagione,24/25,4.000 €,600 €,3.286 €,352 €,,,714 €,-1.989 €,-2.164 €,,,,2.000 €,,,1.000 €,1.000 €,,,,
SONICA SERVICE,Servizi/Artigiano,Piccola,Locale,,,CM,Stagione,24/25,10.000 €,,9.286 €,160 €,,,714 €,6.886 €,6.886 €,,,,,,,,,,,,
STRUQTURE,Servizi/Artigiano,Piccola,Locale,,,CASH,Stagione,24/25,6.600 €,1.000 €,4.815 €,363 €,,,1.785 €,-635 €,-985 €,,,,,,6.500 €,,,,,,
SUMMEET,Comunicazione/Pubblicità,Media,Nazionale,,,CASH,Stagione,24/25,,3.000 €,18.463 €,798 €,,,5.345 €,,2.962 €,,,,,,,,,,,,
SUNRISE MEDIA ,Media,Piccola,Locale,,,CM,Stagione,24/25,12.000 €,,6.175 €,0 €,,,5.075 €,6.055 €,6.055 €,,,,,,,,,,,,
TCI,Industria,Grande,Nazionale,,,CASH,Stagione,24/25,100.000 €,15.000 €,84.976 €,2.562 €,,,13.794 €,46.011 €,45.936 €,,,10.000 €,10.000 €,10.000 €,10.000 €,10.000 €,10.000 €,10.000 €,10.000 €,10.000 €,10.000 €
TECNOSERVIZI,Facility Management,Piccola,Locale,,,CM,Stagione,24/25,10.000 €,,10.000 €,340 €,,,0 €,4.900 €,4.900 €,,,,,,,,,,,,
TEMA AVIO,Aerospace,Piccola,Internazionale,,,CASH,Stagione,24/25,10.000 €,,5.900 €,573 €,,,3.350 €,-2.820 €,-3.320 €,,,,,10.000 €,,,,,,,
TICINOPASS,Servizi/Artigiano,Piccola,Regionale,,,CASH,Stagione,24/25,2.700 €,,2.700 €,603 €,,,0 €,-6.350 €,-6.775 €,,,,,2.700 €,,,,,,,
TIGROS,Commercio/GDO,Grande,Regionale,,,CASH,Stagione,24/25,100.000 €,,91.612 €,5.108 €,,,6.888 €,14.807 €,13.132 €,,,,40.000 €,,30.000 €,,30.000 €,,,,
TORSELLINI VETRO,Servizi/Artigiano,Piccola,Locale,,,CASH,Stagione,24/25,8.000 €,,4.954 €,640 €,,,2.296 €,-4.646 €,-4.646 €,,,4.000 €,,,,4.000 €,,,,,
TREVISION,Servizi/Artigiano,Piccola,Regionale,,,CM,Stagione,24/25,10.000 €,,10.000 €,138 €,,,0 €,7.938 €,7.863 €,,,,,,,,,,,,
UNIVA SERVIZI,Pubblico,Piccola,Locale,,,CASH,Stagione,24/25,4.400 €,,3.138 €,17 €,,,1.262 €,2.888 €,2.638 €,,,,,,4.400 €,,,,,,
VALMORA_CM,Food & Beverage,Grande,Nazionale,,,CM,Stagione,24/25,6.000 €,,6.000 €,0 €,,,0 €,6.000 €,6.000 €,,,,,,,,,,,,
VALMORA,Food & Beverage,Grande,Nazionale,,,CASH,Stagione,24/25,20.000 €,,17.704 €,1.164 €,,,2.296 €,242 €,-684 €,,,10.000 €,,,,,10.000 €,,,,
VARESENEWS,Media,Piccola,Locale,,,CM,Stagione,24/25,7.500 €,,7.500 €,81 €,,,0 €,6.290 €,6.040 €,,,,,,,,,,,,
VARESENOI,Media,Piccola,Locale,,,CM,Stagione,24/25,7.500 €,,7.500 €,81 €,,,0 €,6.290 €,6.040 €,,,,,,,,,,,,
VCV,Servizi/Artigiano,Piccola,Locale,,,CASH,Stagione,24/25,10.000 €,1.500 €,8.473 €,557 €,,,1.527 €,123 €,-127 €,,,,,,,10.000 €,,,,,
VERBANO CARTE,Commercio/GDO,Piccola,Locale,,,CM,Stagione,24/25,4.500 €,,3.028 €,116 €,,,1.472 €,1.291 €,1.241 €,,,,,,,,,,,,
VIRAS,Commercio/GDO,Piccola,Locale,,,CM,Stagione,24/25,1.500 €,,1.500 €,0 €,,,0 €,1.500 €,1.500 €,,,,,,,,,,,,
VIVATICKET,Servizi/Artigiano,Grande,Nazionale,,,CM,Stagione,24/25,25.000 €,5.000 €,18.908 €,388 €,,,4.592 €,13.083 €,12.658 €,,,,,,,,,,,,
VNC OWNER'S CLUB_CM,Altro,Piccola,Locale,,,CM,Stagione,24/25,51.788 €,,51.788 €,0 €,,,0 €,51.788 €,51.788 €,,,,,,,,,,,,
VNC OWNER'S CLUB,Altro,Piccola,Locale,,,CASH,Stagione,24/25,295.600 €,,183.684 €,12.673 €,,,83.686 €,-11.863 €,-13.963 €,,,,50.000 €,50.000 €,,50.000 €,50.000 €,,50.000 €,50.000 €,
WESTMINSTER,Immobiliare,Media,Internazionale,,,CASH,Stagione,24/25,100.000 €,,71.170 €,1.602 €,,,23.295 €,46.785 €,46.710 €,,,50.000 €,,,50.000 €,,,,,,
YOP,Comunicazione/Pubblicità,Piccola,Locale,,,CM,Stagione,24/25,45.000 €,,45.000 €,952 €,,,0 €,30.720 €,30.720 €,,,,,,,,,,,,
ZOCCHI_CM,Commercio/GDO,Piccola,Locale,,,CM,Stagione,24/25,1.000 €,,1.000 €,0 €,,,0 €,1.000 €,1.000 €,,,,,,,,,,,,
ZOCCHI,Commercio/GDO,Piccola,Locale,,,CASH,Stagione,24/25,10.000 €,,3.908 €,490 €,,,4.592 €,-3.622 €,-3.622 €,,,,5.000 €,,,5.000 €,,,,,
ZONIN,Food & Beverage,Grande,Nazionale,,,CM,Stagione,24/25,5.000 €,,4.286 €,33 €,,,714 €,3.786 €,3.286 €,,,,,,,,,,,,
A SERVICES,Facility Management,Piccola,Nazionale,Massimiliano Albini,massimiliano.albini@aservices.it,CASH,Stagione,25/26,10.000 €,1.500 €,7.541 €,270 €,,,2.459 €,1.524 €,1.524 €,,,,,10.000 €,,,,,,,
ABBIATI, Serramenti,Media,Locale,Matteo Abbiati,matteo@falegnameriabbiati.it,CASH,Stagione,25/26,7.500 €,1.000 €,6.836 €,480 €,,,664 €,-359 €,-534 €,,,,1.500 €,1.500 €,,1.500 €,,1.500 €,,1.500 €,
ACINQUE,Energia,Grande,Nazionale,Andrea Tugnoli ,andrea.tugnoli@acinque.it,CASH,Stagione,25/26,65.000 €,9.000 €,60.541 €,2.512 €,,,4.459 €,21.145 €,14.720 €,,,,30.000 €,,,30.000 €,,,,,
ACOMEA,Finanziario/Bancario,Grande,Nazionale,Matteo Serio,matteo.serio@acomea.it,CASH,Anno Solare,25/26,2.500 €,,2.500 €,0 €,,,0 €,2.500 €,2.500 €,,,,,,,,,,,,
AERAS AVIATION,Aerospace,Grande,Internazionale,Maurizio Pozzi,maurizio@aerasaviation.com,CASH,Stagione,25/26,30.000 €,,20.984 €,720 €,,,9.016 €,6.005 €,5.330 €,,,10.000 €,,,10.000 €,,,10.000 €,,,
AGRICOLA,Commercio/GDO,Media,Locale,Giacomo Brusa,giacomo@agricolashop.it,CASH,Stagione,25/26,15.000 €,2.500 €,13.340 €,657 €,,,1.660 €,3.367 €,2.017 €,,,5.000 €,,,5.000 €,,5.000 €,,,,
ALA,Aerospace,Grande,Internazionale,Christian Desantis,christian.desantis@alacorporation.com,CASH,Stagione,25/26,20.000 €,3.000 €,16.311 €,703 €,,,3.689 €,4.287 €,3.862 €,,,10.000 €,,,,10.000 €,,,,,
ALFA,Pubblico/Ass. Categ.,Grande,Locale,,,CASH,Stagione,25/26,15.000 €,2.000 €,12.975 €,373 €,,,2.025 €,7.375 €,6.275 €,,,,,,,,,,,,
AON,Assicurazioni,Grande,Internazionale,Francesca Sboto,francesca.sboto@aon.it,CASH,Stagione,25/26,15.000 €,2.000 €,11.311 €,440 €,,,3.689 €,3.237 €,2.037 €,,,,,,15.000 €,,,,,,
ARTES,Industria,Media,Nazionale,Paolo Belloni,amministrazione@artesetichette.it,CASH,Stagione,25/26,16.500 €,3.000 €,14.840 €,764 €,,,1.660 €,3.378 €,3.203 €,,,,,,,6.500 €,5.000 €,5.000 €,,,
AUTOLINEE VARESINE,Trasporti,Media,Locale,,,CM,Stagione,25/26,12.000 €,,5.754 €,200 €,,,6.246 €,173 €,173 €,,,,,,,,,,,,
BCC,Finanziario/Bancario,Grande,Nazionale,,,CASH,Stagione,25/26,4.919 €,,1 €,0 €,,,4.918 €,1 €,1 €,,,,,,,,,,,,
BECCARIA,Medico,Media,Locale,,,CM,Stagione,25/26,30.000 €,,30.000 €,765 €,,,0 €,18.525 €,18.525 €,,,,,,,,,,,,
BRAGA,Industria,Grande,Nazionale,Giancarlo Mazzotti,giancarlo@braga.it,CASH,Stagione,25/26,15.000 €,2.500 €,15.000 €,908 €,,,0 €,1.375 €,950 €,,,,,15.000 €,,,,,,,
C'ERA UNA VOLTA,Ho.Re.Ca.,Piccola,Locale,,,CM,Stagione,25/26,10.000 €,,9.246 €,147 €,10.000 €,,754 €,-2.954 €,7.046 €,,,,,,,,,,,,
CARLSBERG,Food & Beverage,Grande,Internazionale,Daniele Baito,,CASH,Stagione,25/26,20.000 €,3.000 €,15.820 €,945 €,,,4.180 €,169 €,-1.331 €,,,10.000 €,,,,10.000 €,,,,,
CARLSBERG-CM,Food & Beverage,Grande,Internazionale,,,CM,Stagione,25/26,5.000 €,,5.000 €,0 €,,,0 €,5.000 €,5.000 €,,,,,,,,,,,,
CENTRELLA,Medico,Piccola,Locale,,,CASH,Stagione,25/26,5.800 €,1.000 €,4.423 €,365 €,,,1.377 €,-1.790 €,-1.790 €,,,,,,,2.900 €,,,2.900 €,,
COLORIFICIO PAPOTTI,Commercio/GDO,Piccola,Locale,,,CASH,Stagione,25/26,4.800 €,500 €,3.472 €,102 €,,,1.328 €,1.824 €,1.649 €,,,1.000 €,,1.000 €,,1.000 €,,1.000 €,,800 €,
CONSULTINVEST,Finanziario/Bancario,Grande,Nazionale,,,CASH,Anno Solare,25/26,5.000 €,,3.344 €,306 €,,,1.656 €,-1.246 €,-1.246 €,,,,,,,,,,,,
CORSI DI LINGUE,Scolastico/Corsi,Piccola,Regionale,,,CM,Stagione,25/26,7.500 €,,6.123 €,340 €,,,1.377 €,900 €,900 €,,,,,,,,,,,,
CREATIVE LABS,Servizi,Piccola,Nazionale,,,CASH,Stagione,25/26,10.000 €,1.500 €,7.541 €,270 €,,,2.459 €,1.524 €,1.524 €,,,,,10.000 €,,,,,,,
DUFERCO,Energia,Grande,Nazionale,,,CASH,Stagione,25/26,20.000 €,3.000 €,17.910 €,718 €,,,2.090 €,7.135 €,6.710 €,,,,10.000 €,,,10.000 €,,,,,
EDILDOMUS,Edilizia,Piccola,Locale,,,CASH,Stagione,25/26,6.000 €,600 €,5.336 €,147 €,2.000 €,,664 €,1.136 €,2.961 €,,,,1.000 €,1.000 €,,1.000 €,1.000 €,,,,
ELMAR,Elettronica,Media,Regionale,,,CASH,Stagione,25/26,15.000 €,2.250 €,9.672 €,597 €,,,5.328 €,599 €,-251 €,,,5.000 €,,,5.000 €,,,5.000 €,,,
ELMEC,IT/ISP,Grande,Nazionale,,,CASH,Stagione,25/26,100.000 €,,84.939 €,450 €,70.000 €,,15.061 €,5.853 €,75.853 €,,,,15.000 €,,15.000 €,,,,,,
ERREÀ,Abbigliamento,Media,Nazionale,,,CM,Stagione,25/26,65.000 €,,61.680 €,972 €,,,3.320 €,46.860 €,42.410 €,,,,,,,,,,,,
ESSE SOLAR,Energia,Media,Regionale,,,CASH,Stagione,25/26,15.000 €,,10.902 €,537 €,,,4.098 €,148 €,-27 €,,,,,,,,,,,,15.000 €
FARMAZIA ZOCCHI,Commercio/GDO,Piccola,Locale,,,CASH,Stagione,25/26,10.000 €,1.500 €,6.721 €,490 €,,,3.279 €,-2.349 €,-2.349 €,,,,5.000 €,,,5.000 €,,,,,
FARMAZIA ZOCCHI-CM,Commercio/GDO,Piccola,Locale,,,CM,Stagione,25/26,2.000 €,,2.000 €,0 €,,,0 €,2.000 €,2.000 €,,,,,,,,,,,,
FIGI EVENTI, Eventi,Piccola,Locale,,,CASH,Stagione,25/26,10.000 €,,3.361 €,90 €,,,6.639 €,-1.308 €,-1.308 €,,,10.000 €,,,,,,,,,
FILVA,Industria,Media,Nazionale,,,CASH,Stagione,25/26,7.110 €,1.000 €,5.782 €,178 €,,,1.328 €,3.107 €,2.682 €,,,,7.110 €,,,,,,,,
FINAZZI, Serramenti,Media,Locale,,,CASH,Stagione,25/26,7.500 €,1.000 €,6.582 €,157 €,,,918 €,4.232 €,3.382 €,,,,,7.500 €,,,,,,,
FNM,Trasporti,Grande,Regionale,,,CASH,Stagione,25/26,45.000 €,,43.164 €,1.326 €,,15.000 €,1.836 €,6.553 €,20.853 €,,,5.000 €,,,,,20.000 €,,,20.000 €,
FRAGALE,Ho.Re.Ca.,Piccola,Locale,,,CM,Stagione,25/26,3.500 €,,3.500 €,40 €,,,0 €,2.900 €,2.900 €,,,,,,,,,,,,
GARAGE,Ho.Re.Ca.,Piccola,Locale,,,CASH,Stagione,25/26,4.700 €,,3.294 €,68 €,,,1.406 €,2.282 €,2.282 €,,,700 €,500 €,500 €,500 €,500 €,500 €,500 €,500 €,500 €,
GENESI RETAIL,Commercio/GDO,Piccola,Regionale,,,CM,Stagione,25/26,25.000 €,,25.000 €,888 €,,,0 €,11.685 €,4.985 €,,,,,,,,,,,,
GHERITTI,Facility Management,Piccola,Locale,,,CASH,Stagione,25/26,4.500 €,500 €,3.836 €,141 €,,,664 €,1.724 €,1.299 €,,,500 €,500 €,500 €,500 €,500 €,500 €,500 €,500 €,500 €,
GHIELMETTI CERAMICHE,Commercio/GDO,Piccola,Locale,,,CM,Stagione,25/26,7.500 €,,2.734 €,120 €,,,4.766 €,934 €,934 €,,,,,,,,,,,,
GIULIANI FILIPPO,Consulenza/Libero Prof.,Piccola,Locale,,,CASH,Stagione,25/26,3.000 €,400 €,3.000 €,153 €,,,0 €,705 €,705 €,,,,,,3.000 €,,,,,,
GRAFICHE QUIRICI,Servizi,Piccola,Locale,,,CM,Stagione,25/26,7.000 €,,4.443 €,198 €,,,2.557 €,1.473 €,1.473 €,,,,,,,,,,,,
GRESSONEY - VALLE D'AOSTA,Pubblico/Ass. Categ.,Media,Regionale,,,CASH,Stagione,25/26,30.000 €,,30.000 €,1.667 €,,,0 €,5.000 €,4.550 €,,,,,,,,,,,,30.000 €
IDROTECH,Artigiano,Piccola,Locale,,,CASH,Stagione,25/26,6.500 €,1.000 €,4.508 €,282 €,,,1.992 €,283 €,108 €,,,2.500 €,2.000 €,2.000 €,,,,,,,
IN PIÙ BROKER,Assicurazioni,Media,Nazionale,,,CASH,Stagione,25/26,15.000 €,,13.361 €,987 €,,,1.639 €,-2.180 €,-2.605 €,,,,,5.000 €,,5.000 €,,,5.000 €,,
INTESA SAN PAOLO,Finanziario/Bancario,Grande,Internazionale,,,CASH,Stagione,25/26,180.000 €,10.000 €,159.221 €,2.182 €,,20.000 €,20.779 €,106.006 €,119.381 €,,,,24.400 €,,24.400 €,,46.200 €,,65.000 €,,
INTRED,IT/ISP,Media,Regionale,,,CM,Stagione,25/26,38.228 €,,35.482 €,1.777 €,,,2.746 €,8.827 €,7.977 €,,,,,,,,,,,,
ITELYUM,Rifiuti,Grande,Nazionale,,,CASH,Stagione,25/26,199.000 €,10.000 €,177.788 €,5.917 €,,10.000 €,21.212 €,72.595 €,25.595 €,,,50.000 €,,,50.000 €,,,50.000 €,,15.000 €,
KAISEKI,Food & Beverage,Media,Regionale,,,CASH,Stagione,25/26,10.000 €,,7.541 €,270 €,,,2.459 €,1.524 €,1.524 €,,,,,10.000 €,,,,,,,
LIUC,Scolastico/Corsi,Media,Nazionale,,,CASH,Stagione,25/26,10.000 €,1.000 €,10.000 €,379 €,,,0 €,4.310 €,3.885 €,,,,,,,,,,,,
MACCECHINI,Commercio/GDO,Piccola,Locale,,,CM,Stagione,25/26,3.000 €,,2.500 €,80 €,,,500 €,1.177 €,1.177 €,,,,,,,,,,,,
MACCHI VARESE,Commercio/GDO,Piccola,Locale,,,CASH,Stagione,25/26,4.540 €,700 €,3.544 €,180 €,,,996 €,844 €,844 €,,,1.500 €,1.500 €,1.540 €,,,,,,,
MAGHETTI,Altro,Media,Regionale,,,CASH,Stagione,25/26,12.500 €,,9.287 €,300 €,,,3.213 €,1.836 €,1.836 €,,,5.000 €,,,,5.000 €,,2.500 €,,,
MANERA,Industria,Media,Regionale,,,CASH,Stagione,25/26,10.000 €,,5.902 €,40 €,,,4.098 €,5.179 €,5.179 €,,,,10.000 €,,,,,,,,
MAS AMOR,Ho.Re.Ca.,Piccola,Locale,,,CM,Stagione,25/26,22.500 €,,21.508 €,481 €,,,992 €,14.296 €,13.871 €,,,,,,,,,,,,
MASTERPACK,Industria,Grande,Internazionale,,,CASH,Stagione,25/26,15.000 €,2.500 €,11.730 €,712 €,,,3.270 €,1.045 €,620 €,,,,15.000 €,,,,,,,,
MEDIBRAND,Elettronica,Piccola,Nazionale,,,CM,Stagione,25/26,4.000 €,,2.623 €,210 €,,,1.377 €,-527 €,-1.277 €,,,,,,,,,,,,
MINTOR,Industria,Piccola,Locale,,,CASH,Stagione,25/26,7.635 €,,996 €,0 €,,,6.639 €,996 €,996 €,,,,,,,,,,,,
MOTOROLA,Elettronica,Grande,Internazionale,,,CASH,Stagione,25/26,130.000 €,,121.639 €,3.650 €,,,8.361 €,66.397 €,59.947 €,,,,,,50.000 €,,,40.000 €,,40.000 €,
NIPPO MOTORS,Automotive,Media,Locale,,,CASH,Stagione,25/26,10.000 €,,6.967 €,583 €,,,3.033 €,-2.631 €,-2.631 €,,,,,5.000 €,,,,,,,5.000 €
NIPPO MOTORS - CM,Automotive,Media,Locale,,,CM,Stagione,25/26,3.000 €,,3.000 €,0 €,3.000 €,,0 €,0 €,3.000 €,,,,,,,,,,,,
OPENJOBMETIS,Lavoro,Grande,Internazionale,,,CASH,Stagione,25/26,810.000 €,,750.913 €,13.960 €,,,59.087 €,522.775 €,463.125 €,,,75.000 €,50.000 €,75.000 €,75.000 €,50.000 €,50.000 €,50.000 €,50.000 €,,
OSSOLA,Consulenza/Libero Prof.,Piccola,Locale,,,CM,Stagione,25/26,5.000 €,,-306 €,0 €,,,5.306 €,-486 €,-486 €,,,,,,,,,,,,
PICKEAT,Servizi,Piccola,Nazionale,,,CM,Stagione,25/26,4.491 €,,4.491 €,0 €,,,0 €,4.491 €,4.491 €,,,,,,,,,,,,
PREVCOM,Commercio/GDO,Media,Nazionale,,,CASH,Stagione,25/26,500.000 €,,485.656 €,3.965 €,250.000 €,,14.344 €,171.997 €,420.547 €,50.000 €,,50.000 €,50.000 €,50.000 €,50.000 €,,,,,,
PUBLYTEAM,Comunicazione/Pubblicità,Media,Nazionale,,,CM,Stagione,25/26,5.000 €,,4.242 €,345 €,,,758 €,-933 €,-1.008 €,,,,,,,,,,,,
RB ALBERGHIERA,Ho.Re.Ca.,Piccola,Locale,,,CM,Stagione,25/26,5.000 €,,3.893 €,237 €,,,1.107 €,343 €,168 €,,,,,,,,,,,,
RENT4FOOD,Servizi,Piccola,Regionale,,,CM,Stagione,25/26,10.000 €,,8.008 €,340 €,,,1.992 €,2.785 €,2.785 €,,,,,,,,,,,,
RICOH,IT/ISP,Grande,Internazionale,,,CASH,Stagione,25/26,23.500 €,3.500 €,20.365 €,838 €,,,3.135 €,6.560 €,6.135 €,,,13.500 €,,,10.000 €,,,,,,
RICOLA,Food & Beverage,Media,Nazionale,,,CASH,Stagione,25/26,20.000 €,2.500 €,20.000 €,1.409 €,,,0 €,-1.130 €,-11.055 €,,,10.000 €,,10.000 €,,,,,,,
SECONDA STRADA,Abbigliamento,Media,Regionale,,,CASH,Stagione,25/26,5.000 €,1.000 €,4.115 €,423 €,,,885 €,-2.235 €,-4.085 €,,,,2.500 €,,,2.500 €,,,,,
SECONDA STRADA-CM,Abbigliamento,Media,Regionale,,,CM,Stagione,25/26,3.000 €,,3.000 €,0 €,,,0 €,3.000 €,3.000 €,,,,,,,,,,,,
SEVEN STARS, Eventi,Piccola,Locale,,,CM,Stagione,25/26,4.000 €,,4.000 €,180 €,,,0 €,1.300 €,1.300 €,,,,,,,,,,,,
SIELCO,IT/ISP,Media,Locale,,,CASH,Anno Solare,25/26,5.000 €,1.000 €,3.230 €,284 €,,,1.770 €,-1.033 €,-1.245 €,,,,,,,,,5.000 €,,5.000 €,
SIMONE FUSO,Consulenza/Libero Prof.,Piccola,Locale,,,CASH,Stagione,25/26,4.500 €,650 €,3.836 €,78 €,,,664 €,2.661 €,2.161 €,,,,1.500 €,,,1.500 €,1.500 €,,,,
SONICA SERVICE,Servizi,Piccola,Locale,,,CM,Stagione,25/26,10.000 €,,9.336 €,160 €,,,664 €,6.936 €,6.936 €,,,,,,,,,,,,
SORU,Consulenza/Libero Prof.,Piccola,Locale,,,CM,Stagione,25/26,11.000 €,,9.230 €,305 €,,,1.770 €,4.410 €,4.410 €,,,,,,,,,,,,
INTRED,IT,,,,,CM,Stagione,26/27,38.228 €,,38.228 €,0 €,,,0 €,38.228 €,38.228 €,,,,,,,,,,,,
ALA,,,,,,CASH,Stagione,26/27,20.000 €,3.000 €,20.000 €,0 €,,,0 €,20.000 €,20.000 €,,,10.000 €,,,,10.000 €,,,,,
ACINQUE,Energia,Grande,Nazionale,,,CASH,Stagione,26/27,60.000 €,9.000 €,60.000 €,0 €,,,0 €,60.000 €,60.000 €,,,,30.000 €,,,30.000 €,,,,,
MEDIBRAND,,,,,,CM,Stagione,26/27,4.000 €,,4.000 €,0 €,,,0 €,4.000 €,4.000 €,,,,,,,,,,,,
ESSE SOLAR,Energia,Media,Regionale,,,CASH,Stagione,26/27,15.000 €,,15.000 €,0 €,,,0 €,15.000 €,15.000 €,,,,,,,,,,,,
CARLSBERG,,,,,,CASH,Stagione,26/27,20.000 €,3.000 €,20.000 €,0 €,,,0 €,20.000 €,20.000 €,,,10.000 €,,,,10.000 €,,,,,
CARLSBERG-CM,,,,,,CM,Stagione,26/27,5.000 €,,5.000 €,0 €,,,0 €,5.000 €,5.000 €,,,,,,,,,,,,
VIVATICKET,,,,,,CM,Stagione,26/27,25.000 €,,25.000 €,0 €,,,0 €,25.000 €,25.000 €,,,,,,,,,,,,
ACINQUE,Energia,Grande,Nazionale,,,CASH,Stagione,27/28,60.000 €,9.000 €,60.000 €,0 €,,,0 €,60.000 €,60.000 €,,,,30.000 €,,,30.000 €,,,,,
MEDIBRAND,,,,,,CM,Stagione,27/28,4.000 €,,4.000 €,0 €,,,0 €,4.000 €,4.000 €,,,,,,,,,,,,
CARLSBERG,,,,,,CASH,Stagione,27/28,20.000 €,3.000 €,20.000 €,0 €,,,0 €,20.000 €,20.000 €,,,10.000 €,,,,10.000 €,,,,,
CARLSBERG-CM,,,,,,CM,Stagione,27/28,5.000 €,,5.000 €,0 €,,,0 €,5.000 €,5.000 €,,,,,,,,,,,,
STRUQTURE,Consulenza/Libero Prof.,Piccola,Locale,,,CASH,Stagione,25/26,4.500 €,1.000 €,2.840 €,340 €,,,1.660 €,-2.260 €,-2.260 €,,,,,,4.500 €,,,,,,
SUMMEET, Eventi,Media,Nazionale,,,CASH,Stagione,25/26,45.000 €,5.000 €,31.754 €,1.278 €,,,13.246 €,10.008 €,9.058 €,,,,,,,15.000 €,15.000 €,,15.000 €,,
SUNRISE,Media,Piccola,Locale,,,CM,Stagione,25/26,0 €,,-4.471 €,0 €,,,4.471 €,-4.471 €,-4.471 €,,,,,,,,,,,,
TCI,Elettronica,Grande,Nazionale,,,CASH,Stagione,25/26,100.000 €,15.000 €,91.410 €,2.457 €,,,8.590 €,52.593 €,52.593 €,,,10.000 €,10.000 €,10.000 €,10.000 €,10.000 €,10.000 €,10.000 €,10.000 €,10.000 €,10.000 €
TEMA AVIO,Aerospace,Media,Nazionale,,,CASH,Stagione,25/26,10.000 €,1.500 €,4.824 €,323 €,,,5.176 €,-1.625 €,-1.975 €,,,,,10.000 €,,,,,,,
TIGROS,Commercio/GDO,Grande,Regionale,,,CASH,Stagione,25/26,250.000 €,,244.631 €,2.600 €,,,5.369 €,204.156 €,195.806 €,,,,50.000 €,,50.000 €,,50.000 €,,50.000 €,50.000 €,
TORSELLINI VETRO,Artigiano,Piccola,Locale,,,CASH,Stagione,25/26,8.000 €,,6.361 €,320 €,,,1.639 €,823 €,823 €,,,4.000 €,,,,4.000 €,,,,,
UNIVA SERVIZI,Pubblico/Ass. Categ.,Media,Locale,,,CASH,Stagione,25/26,4.400 €,,3.355 €,12 €,,,1.045 €,3.180 €,3.005 €,,,,,,5.500 €,,,,,,
VALMORA,Food & Beverage,Grande,Nazionale,,,CASH,Stagione,25/26,25.000 €,,22.910 €,1.092 €,,,2.090 €,6.535 €,5.685 €,,,10.000 €,10.000 €,,,,15.000 €,,,,
VARESE NEL CUORE,Altro,Piccola,Locale,,,CASH,Stagione,25/26,244.681 €,,187.525 €,8.100 €,12.000 €,,57.156 €,26.738 €,38.738 €,,,,,,,,,,,,
VARESE NEL CUORE-CM,Altro,Piccola,Locale,,,CM,Stagione,25/26,55.319 €,,55.319 €,0 €,,,0 €,55.319 €,55.319 €,,,,,,,,,,,,
VCV,Servizi,Media,Locale,,,CASH,Stagione,25/26,10.000 €,1.500 €,9.262 €,552 €,,,738 €,987 €,812 €,,,,,10.000 €,,,,,,,
VERBANO CARTE,Altro,Piccola,Locale,,,CM,Stagione,25/26,4.500 €,,3.246 €,75 €,,,1.254 €,2.121 €,2.121 €,,,,,,,,,,,,
VIRAS,Commercio/GDO,Piccola,Locale,,,CM,Stagione,25/26,2.500 €,,1.836 €,120 €,,,664 €,36 €,36 €,,,,,,,,,,,,
VIVATICKET,Altro,Grande,Nazionale,,,CM,Stagione,25/26,25.000 €,,25.000 €,0 €,,,0 €,25.000 €,25.000 €,,,,,,,,,,,,
WESTMINSTER,Immobiliare,Media,Internazionale,,,CASH,Stagione,25/26,100.000 €,,75.463 €,1.497 €,,,24.537 €,47.553 €,47.553 €,,,50.000 €,,,50.000 €,,,,,,
ZONIN,Food & Beverage,Grande,Internazionale,,,CM,Stagione,25/26,8.000 €,,6.607 €,259 €,,,1.393 €,2.719 €,1.719 €,,,,,,,,,,,,