Liga,Time,Data,Season,Opp_Rank,PV_Rank,Tier,Contro,Game_ID,Total_GA,Tot_pay_Num,Total_num,Tot_Eur,Par_O_Tot_Num,Par_O_Tot_Eur,Par_O_Tot_Eur_per_Num,Par_O_Abb_Num,Par_O_Abb_Eur,Par_O_Abb_Eur_per_Num,Par_O_Corp_Num,Par_O_Corp_Eur,Par_O_Corp_Eur_per_Num,Par_O_VB_Num,Par_O_VB_Eur,Par_O_VB_Eur_per_Num,Par_O_MP_Num,Par_O_MP_Eur,Par_O_MP_Eur_per_Num,Par_O_Tix_Num,Par_O_Tix_Eur,Par_O_Tix_Eur_per_Num,Par_O_Prot,Par_O_Free_Num,Par_EX_Tot_Num,Par_EX_Tot_Eur,Par_EX_Tot_Eur_per_Num,Par_EX_Abb_Num,Par_EX_Abb_Eur,Par_EX_Abb_Eur_per_Num,Par_EX_Corp_Num,Par_EX_Corp_Eur,Par_EX_Corp_Eur_per_Num,Par_EX_VB_Num,Par_EX_VB_Eur,Par_EX_VB_Eur_per_Num,Par_EX_MP_Num,Par_EX_MP_Eur,Par_EX_MP_Eur_per_Num,Par_EX_Tix_Num,Par_EX_Tix_Eur,Par_EX_Tix_Eur_per_Num,Par_EX_Prot,Par_EX_Free_Num,Par_E_Tot_Num,Par_E_Tot_Eur,Par_E_Tot_Eur_per_Num,Par_E_Abb_Num,Par_E_Abb_Eur,Par_E_Abb_Eur_per_Num,Par_E_Corp_Num,Par_E_Corp_Eur,Par_E_Corp_Eur_per_Num,Par_E_VB_Num,Par_E_VB_Eur,Par_E_VB_Eur_per_Num,Par_E_MP_Num,Par_E_MP_Eur,Par_E_MP_Eur_per_Num,Par_E_Tix_Num,Par_E_Tix_Eur,Par_E_Tix_Eur_per_Num,Par_E_Prot,Par_E_Free_Num,Trib_G_Tot_Num,Trib_G_Tot_Eur,Trib_G_Tot_Eur_per_Num,Trib_G_Abb_Num,Trib_G_Abb_Eur,Trib_G_Abb_Eur_per_Num,Trib_G_Corp_Num,Trib_G_Corp_Eur,Trib_G_Corp_Eur_per_Num,Trib_G_VB_Num,Trib_G_VB_Eur,Trib_G_VB_Eur_per_Num,Trib_G_MP_Num,Trib_G_MP_Eur,Trib_G_MP_Eur_per_Num,Trib_G_Tix_Num,Trib_G_Tix_Eur,Trib_G_Tix_Eur_per_Num,Trib_G_Prot,Trib_G_Free_Num,Trib_S_Tot_Num,Trib_S_Tot_Eur,Trib_S_Tot_Eur_per_Num,Trib_S_Abb_Num,Trib_S_Abb_Eur,Trib_S_Abb_Eur_per_Num,Trib_S_Corp_Num,Trib_S_Corp_Eur,Trib_S_Corp_Eur_per_Num,Trib_S_VB_Num,Trib_S_VB_Eur,Trib_S_VB_Eur_per_Num,Trib_S_MP_Num,Trib_S_MP_Eur,Trib_S_MP_Eur_per_Num,Trib_S_Tix_Num,Trib_S_Tix_Eur,Trib_S_Eur_per_Num,Trib_S_Prot,Trib_S_Free_Num,Gall_G_Tot_Num,Gall_G_Tot_Eur,Gall_G_Tot_Eur_per_Num,Gall_G_Abb_Num,Gall_G_Abb_Eur,Gall_G_Abb_Eur_per_Num,Gall_G_Corp_Num,Gall_G_Corp_Eur,Gall_G_Corp_Eur_per_Num,Gall_G_VB_Num,Gall_G_VB_Eur,Gall_G_VB_Eur_per_Num,Gall_G_MP_Num,Gall_G_MP_Eur,Gall_G_MP_Eur_per_Num,Gall_G_Tix_Num,Gall_G_Tix_Eur,Gall_G_Tix_Eur_per_Num,Gall_G_Prot,Gall_G_Free_Num,Gall_S_Tot_Num,Gall_S_Tot_Eur,Gall_S_Tot_Eur_per_Num,Gall_S_Abb_Num,Gall_S_Abb_Eur,Gall_S_Abb_Eur_per_Num,Gall_S_Corp_Num,Gall_S_Corp_Eur,Gall_S_Corp_Eur_per_Num,Gall_S_VB_Num,Gall_S_VB_Eur,Gall_S_VB_Eur_per_Num,Gall_S_MP_Num,Gall_S_MP_Eur,Gall_S_MP_Eur_per_Num,Gall_S_Tix_Num,Gall_S_Tix_Eur,Gall_S_Tix_Eur_per_Num,Gall_S_Prot,Gall_S_Free_Num,Curva_Tot_Num,Curva_Tot_Eur,Curva_Tot_Eur_per_Num,Curva_Abb_Num,Curva_Abb_Eur,Curva_Abb_Eur_per_Num,Curva_Corp_Num,Curva_Corp_Eur,Curva_Corp_Eur_per_Num,Curva_VB_Num,Curva_VB_Eur,Curva_VB_Eur_per_Num,Curva_MP_Num,Curva_MP_Eur,Curva_MP_Eur_per_Num,Curva_Tix_Num,Curva_Tix_Eur,Curva_Tix_Eur_per_Num,Curva_Prot,Curva_Free_Num,Courtside_Tot_Num,Courtside_Tot_Eur,Courtside_Tot_Eur_per_Num,Courtside_Abb_Num,Courtside_Abb_Eur,Courtside_Abb_Eur_per_Num,Courtside_Corp_Num,Courtside_Corp_Eur,Courtside_Corp_Eur_per_Num,Courtside_VB_Num,Courtside_VB_Eur,Courtside_VB_Eur_per_Num,Courtside_MP_Num,Courtside_MP_Eur,Courtside_MP_Eur_per_Num,Courtside_Tix_Num,Courtside_Tix_Eur,Courtside_Tix_Eur_per_Num,Courtside_Prot,Courtside_Free_Num,SkyBoxes_Tot_Num,SkyBoxes_Tot_Eur,SkyBoxes_Tot_Eur_per_Num,SkyBoxes_Abb_Num,SkyBoxes_Abb_Eur,SkyBoxes_Abb_Eur_per_Num,SkyBoxes_Corp_Num,SkyBoxes_Corp_Eur,SkyBoxes_Corp_Eur_per_Num,SkyBoxes_VB_Num,SkyBoxes_VB_Eur,SkyBoxes_VB_Eur_per_Num,SkyBoxes_MP_Num,SkyBoxes_MP_Eur,SkyBoxes_MP_Eur_per_Num,SkyBoxes_Tix_Num,SkyBoxes_Tix_Eur,SkyBoxes_Tix_Eur_per_Num,SkyBoxes_Prot,SkyBoxes_Free_Num,Ospiti_Tix_Num,Ospiti_Tix_Eur,Ospiti_Tix_Eur_per_Num,Ospiti_Free_Num,Press,Abb_num,Abb_Eur,Abb_Eur_per_Num,Corp_Num,Corp_Eur,Corp_Eur_per_Num,VB_Num,VB_Eur,VB_Eur_per_Num,MP_num,MP_Eur,MP_Eur_per_Num,Tix_Num,Tix_Eur,Tix_Eur_per_Num,Full_Price,Sponsor,Disabili,LBA,Promotion,Special,Staff,Team,Under_18,Under_30,VNC,InstitutionalGA,VIPGA,TeamGA,SponsorGA,DisabileGA,StaffGA,AutoritiesGA,AgentGA,PromotionGA,1,2,3,4,5,6,7,8,9,10,11,12
LBA,19.30,04/10/2023,23-24,8,8,4,Pistoia,45203.8125Pistoia,668,3544,4212,"€ 88,521.99",260,"€ 26,186.79",€ 100.72,78,"€ 5,834.16",€74.8,180,"€ 13,860.00",€77.0,0,€ 0.00,€0.0,0,€ 0.00,€0.0,2,€ 163.94,€ 81.97,70,37,,,,,,,,,,,,,,,,,,,,,80,"€4,011.66",€ 36.47,29,"€1,109.29",€38.25,46,,,0,€0.00,€0.0,0,€ 0.00,€0.0,5,€ 344.27,€ 68.85,30,40,1216,"€26,949.20",€ 21.34,707,"€14,569.44",€ 20.61,148,,,7,€ 32.51,€ 4.64,0,€ 0.00,€ 0.00,354,"€ 8,252.46",€ 23.31,47,300,644,"€10,620.73",€ 15.92,489,"€7,614.87",€ 15.57,12,,,0,€ 0.00,€ 0.00,0,€ 0.00,€ 0.00,143,"€ 2,697.11",€ 18.86,23,0,892,"€9,528.64",€ 10.60,375,"€4,283.51",€ 11.42,38,,,22,€ 118.18,€ 5.37,0,€ 0.00,€ 0.00,457,"€ 4,462.37",€ 9.76,7,60,,,,,,,,,,,,,,,,,,,,,386,"€3,892.31",€ 8.87,247,"€2,328.22",€ 9.43,2,,,0,€ 0.00,€ 0.00,0,€ 0.00,€ 0.00,137,"€ 1,540.09",€ 11.24,53,1,30,"€7,005.42",€ 233.51,4,€612.02,€ 153.01,26,,,0,€ 0.00,€ 0.00,0,€ 0.00,€ 0.00,0,€ 0.00,€ 0.00,0,0,0,0,0,0,0,€ 0.00,0,,,0,0,0,0,0,0,0,0,0,0,0,36,€ 327.24,€9.1,,112,1929,"€ 36,351.51",€ 18.84,452,"€ 34,232.32",€ 75.74,29,€ 150.69,€ 5.20,0,€ 0.00,,1098,"€ 17,460.24",€ 15.90,,,,,,,,,,,,,,,,,,,,,€ 0.00,€ 0.00,€ 0.00,€ 0.00,€ 0.00,€ 0.00,€ 0.00,€ 0.00,€ 0.00,"€ 88,521.99",€ 0.00,€ 0.00
LBA,20.30,15/10/2023,23-24,9,10,2,Tortona,45214.8541Tortona,611,3632,4243,"€ 91,080.44",260,"€26,268.76",€ 101.03,78,"€ 5,834.16",€74.8,181,"€ 13,937.00",€77.0,0,€ 0.00,€0.0,0,€ 0.00,€0.0,1,€ 81.97,€ 81.97,70,41,,,,,,,,,,,,,,,,,,,,,84,"€4,200.20",€ 36.84,29,"€1,109.29",€38.25,48,,,0,€0.00,€0.0,0,€ 0.00,€0.0,7,€ 368.87,€ 52.70,30,52,1459,"€30,187.20",€ 20.04,707,"€14,569.44",€ 20.61,172,,,37,€ 321.21,€ 8.68,0,€ 0.00,€ 0.00,543,"€ 10,434.55",€ 19.22,47,237,665,"€10,867.20",€ 15.80,489,"€7,614.87",€ 15.57,12,,,0,€ 0.00,€ 0.00,0,€ 0.00,€ 0.00,164,"€ 2,943.58",€ 17.95,23,2,740,"€8,656.59",€ 11.59,375,"€4,283.51",€ 11.42,34,,,57,€ 329.99,€ 5.79,0,€ 0.00,€ 0.00,274,"€ 3,450.64",€ 12.59,7,46,,,,,,,,,,,,,,,,,,,,,385,"€3,813.26",€ 8.71,247,"€2,328.22",€ 9.43,2,,,0,€ 0.00,€ 0.00,0,€ 0.00,€ 0.00,136,"€ 1,461.04",€ 10.74,53,3,30,"€7,005.42",€ 233.51,4,€612.02,€ 153.01,26,,,0,€ 0.00,€ 0.00,0,€ 0.00,€ 0.00,0,€ 0.00,€ 0.00,0,0,0,0,0,0,0,€ 0.00,0,,,0,0,0,0,0,0,0,0,0,0,0,9,€ 81.81,€9.1,,112,1929,"€ 36,351.51",€ 18.84,475,"€ 35,255.28",€ 74.22,94,€ 651.20,€ 6.93,0,€ 0.00,,1125,"€ 18,740.65",€ 16.66,,,,,,,,,,,,,,,,,,,,,€ 0.00,€ 0.00,€ 0.00,€ 0.00,€ 0.00,€ 0.00,€ 0.00,€ 0.00,€ 0.00,"€ 91,080.44",€ 0.00,€ 0.00
LBA,16.30,22/10/2023,23-24,6,12,3,Trento,45221.6875Trento,723,3863,4586,"€ 98,902.66",296,"€32,060.56",€ 108.31,78,"€ 5,834.16",€74.8,216,"€ 16,632.00",€77.0,0,€ 0.00,€0.0,0,€ 0.00,€0.0,2,€ 136.07,€ 68.04,70,18,,,,,,,,,,,,,,,,,,,,,94,"€5,118.24",€ 41.28,29,"€1,109.29",€38.25,60,,,0,€0.00,€0.0,0,€ 0.00,€0.0,5,€ 303.30,€ 60.66,30,30,1455,"€29,833.98",€ 19.86,707,"€14,569.44",€ 20.61,135,,,43,€ 457.37,€ 10.64,3,€ 53.26,€ 17.75,567,"€ 11,074.69",€ 19.53,47,311,659,"€10,675.46",€ 15.65,489,"€7,614.87",€ 15.57,10,,,0,€ 0.00,€ 0.00,0,€ 0.00,€ 0.00,160,"€ 2,805.94",€ 17.54,23,14,924,"€10,207.33",€ 10.96,375,"€4,283.51",€ 11.42,34,,,94,€ 535.44,€ 5.70,0,€ 0.00,€ 0.00,421,"€ 4,795.93",€ 11.39,7,113,,,,,,,,,,,,,,,,,,,,,396,"€3,919.86",€ 8.73,247,"€2,328.22",€ 9.43,2,,,7,€ 39.09,€ 5.58,0,€ 0.00,€ 0.00,140,"€ 1,528.55",€ 10.92,53,7,30,"€7,005.42",€ 233.51,4,€612.02,€ 153.01,26,,,0,€ 0.00,€ 0.00,0,€ 0.00,€ 0.00,0,€ 0.00,€ 0.00,0,0,0,0,0,0,0,€ 0.00,0,,,0,0,0,0,0,0,0,0,0,0,0,9,€ 81.81,€9.1,,112,1929,"€ 36,351.51",€ 18.84,483,"€ 40,739.71",€ 84.35,144,"€ 1,031.90",€ 7.17,3,€ 53.26,€ 17.75,1295,"€ 20,644.48",€ 15.94,,,,,,,,,,,,,,,,,,,,,€ 0.00,€ 0.00,€ 0.00,€ 0.00,€ 0.00,€ 0.00,€ 0.00,€ 0.00,€ 0.00,"€ 98,902.66",€ 0.00,€ 0.00
FEC,20.30,25/10/2023,23-24,2,1,4,Gottingen,45224.8541Gottingen,897,698,1595,"€9,351",26,"€1,060.13",€ 40.77,14,€ 515.04,€36.8,0,€ 0.00,,0,€ 0.00,€0.0,0,€ 0.00,€0.0,12,€ 545.09,€ 45.42,56,37,,,,,,,,,,,,,,,,,,,,,7,€336.08,€ 48.01,2,€73.77,€36.89,0,,,0,€0.00,€0.0,0,€ 0.00,€0.0,5,€ 262.31,€ 52.46,2,24,369,"€4,975.52",€ 13.48,150,"€2,001.84",€ 13.35,0,,,5,€ 12.73,€ 2.55,3,€ 53.26,€ 17.75,211,"€ 2,907.69",€ 13.78,5,635,74,"€1,038.32",€ 14.03,65,€904.11,€ 13.91,0,,,0,€ 0.00,€ 0.00,0,€ 0.00,€ 0.00,9,€ 134.21,€ 14.91,0,104,105,"€1,084.38",€ 10.33,49,€496.08,€ 10.12,0,,,9,€ 26.39,€ 2.93,0,€ 0.00,€ 0.00,47,€ 561.91,€ 11.96,0,2,,,,,,,,,,,,,,,,,,,,,117,€856.14,€ 7.32,26,€180.91,€ 6.96,0,,,0,€ 0.00,€ 0.00,0,€ 0.00,€ 0.00,91,€ 675.23,€ 7.42,0,21,0,€0.00,#DIV/0!,0,€0.00,€ 0.00,0,,,0,€ 0.00,€ 0.00,0,€ 0.00,€ 0.00,0,€ 0.00,€ 0.00,0,11,0,0,0,0,0,€ 0.00,0,,,0,0,0,0,0,0,0,0,0,0,0,0,€ 0.00,€0.0,,0,306,"€ 4,171.75",€ 13.63,0,€ 0.00,,14,€ 39.12,€ 2.79,3,€ 53.26,€ 17.75,375,"€ 5,086.44",€ 13.56,,,,,,,,,,,,,,,,,,,,,€ 0.00,€ 0.00,€ 0.00,€ 0.00,€ 0.00,€ 0.00,€ 0.00,€ 0.00,€ 0.00,"€ 9,350.57",€ 0.00,€ 0.00
FEC,20.30,02/11/2023,23-24,3,2,4,TSU Tbilisi,45232.8541TSU Tbilisi,1053,703,1756,"€8,839",28,"€1,197.19",€ 42.76,14,€ 515.04,€36.8,0,€ 0.00,,0,€ 0.00,€0.0,0,€ 0.00,€0.0,14,€ 682.15,€ 48.73,56,20,,,,,,,,,,,,,,,,,,,,,3,€106.56,€ 35.52,2,€73.77,€36.89,0,,,0,€0.00,€0.0,0,€ 0.00,€0.0,1,€ 32.79,€ 32.79,2,11,398,"€4,706.06",€ 11.82,150,"€2,001.84",€ 13.35,0,,,19,€ 82.73,€ 4.35,15,€ 207.07,€ 13.80,214,"€ 2,414.42",€ 11.28,5,774,83,"€1,148.03",€ 13.83,65,€904.11,€ 13.91,0,,,0,€ 0.00,€ 0.00,0,€ 0.00,€ 0.00,18,€ 243.92,€ 13.55,0,181,92,€961.60,€ 10.45,49,€496.08,€ 10.12,0,,,1,€ 4.55,€ 4.55,2,€ 23.63,€ 11.82,40,€ 437.34,€ 10.93,0,0,,,,,,,,,,,,,,,,,,,,,99,€719.84,€ 7.27,26,€180.91,€ 6.96,0,,,0,€ 0.00,€ 0.00,1,€ 10.61,€ 10.61,72,€ 528.32,€ 7.34,0,0,0,€0.00,€ 0.00,0,€0.00,€ 0.00,0,,,0,€ 0.00,€ 0.00,0,€ 0.00,€ 0.00,0,€ 0.00,€ 0.00,0,4,0,0,0,0,0,€ 0.00,0,,,0,0,0,0,0,0,0,0,0,0,0,0,€ 0.00,€0.0,,0,306,"€ 4,171.75",€ 13.63,0,€ 0.00,,20,€ 87.28,€ 4.36,18,€ 241.31,€ 13.41,359,"€ 4,338.94",€ 12.09,,,,,,,,,,,,,,,,,,,,,€ 0.00,€ 0.00,€ 0.00,€ 0.00,€ 0.00,€ 0.00,€ 0.00,€ 0.00,€ 0.00,€ 0.00,"€ 8,839.28",€ 0.00
LBA,19.00,05/11/2023,23-24,13,12,2,Sassari,45235.7916Sassari,687,3663,4350,"€ 92,684.61",272,"€27,875.30",€ 102.48,78,"€ 5,834.16",€74.8,185,"€ 14,245.00",€77.0,0,€ 0.00,€0.0,0,€ 0.00,€0.0,9,"€ 1,032.78",€ 114.75,70,44,,,,,,,,,,,,,,,,,,,,,79,"€3,931.33",€ 36.07,29,"€1,109.29",€38.25,44,,,0,€0.00,€0.0,0,€ 0.00,€0.0,6,€ 427.87,€ 71.31,30,46,1449,"€29,509.37",€ 19.73,707,"€14,569.44",€ 20.61,175,,,41,€ 324.85,€ 7.92,0,€ 0.00,€ 0.00,526,"€ 9,657.18",€ 18.36,47,259,647,"€10,647.84",€ 15.89,489,"€7,614.87",€ 15.57,11,,,0,€ 0.00,€ 0.00,0,€ 0.00,€ 0.00,147,"€ 2,751.27",€ 18.72,23,10,778,"€9,163.00",€ 11.67,375,"€4,283.51",€ 11.42,36,,,73,€ 409.99,€ 5.62,0,€ 0.00,€ 0.00,294,"€ 3,840.98",€ 13.06,7,96,,,,,,,,,,,,,,,,,,,,,391,"€3,925.20",€ 8.84,247,"€2,328.22",€ 9.43,2,,,14,€ 78.18,€ 5.58,0,€ 0.00,€ 0.00,128,"€ 1,494.80",€ 11.68,53,2,32,"€7,497.22",€ 234.29,4,€612.02,€ 153.01,26,,,0,€ 0.00,€ 0.00,0,€ 0.00,€ 0.00,2,€ 491.80,€ 245.90,0,0,0,0,0,0,0,€ 0.00,0,,,0,0,0,0,0,0,0,0,0,0,0,15,€ 135.35,€9.0,,112,1929,"€ 36,351.51",€ 18.84,479,"€ 35,688.06",€ 74.51,128,€ 813.02,€ 6.35,0,€ 0.00,,1112,"€ 19,696.68",€ 17.71,,,,,,,,,,,,,,,,,,,,,€ 0.00,€ 0.00,€ 0.00,€ 0.00,€ 0.00,€ 0.00,€ 0.00,€ 0.00,€ 0.00,€ 0.00,"€ 92,684.61",€ 0.00
FEC,20.30,10/11/2023,23-24,4,2,4,Keravnos,45240.8541Keravnos,1404,708,2112,"€7,907",19,€687.18,€ 36.17,14,€ 515.04,€36.8,0,€ 0.00,,0,€ 0.00,€0.0,0,€ 0.00,€0.0,5,€ 172.14,€ 34.43,56,35,,,,,,,,,,,,,,,,,,,,,2,€73.77,€ 36.89,2,€73.77,€36.89,0,,,0,€0.00,€0.0,0,€ 0.00,€0.0,0,€ 0.00,#DIV/0!,2,35,435,"€4,452.65",€ 10.24,150,"€2,001.84",€ 13.35,0,,,8,€ 23.64,€ 2.96,15,€ 207.07,€ 13.80,262,"€ 2,220.10",€ 8.47,5,897,112,"€1,374.26",€ 12.27,65,€904.11,€ 13.91,0,,,0,€ 0.00,€ 0.00,0,€ 0.00,€ 0.00,47,€ 470.15,€ 10.00,0,360,75,€784.29,€ 10.46,49,€496.08,€ 10.12,0,,,1,€ 0.91,€ 0.91,2,€ 23.63,€ 11.82,23,€ 263.67,€ 11.46,0,0,,,,,,,,,,,,,,,,,,,,,65,€535.18,€ 8.23,26,€180.91,€ 6.96,0,,,0,€ 0.00,€ 0.00,1,€ 10.61,€ 10.61,38,€ 343.66,€ 9.04,0,10,0,€0.00,€ 0.00,0,€0.00,€ 0.00,0,,,0,€ 0.00,€ 0.00,0,€ 0.00,€ 0.00,0,€ 0.00,€ 0.00,0,4,0,0,0,0,0,€ 0.00,0,,,0,0,0,0,0,0,0,0,0,0,0,0,€ 0.00,€0.0,,0,306,"€ 4,171.75",€ 13.63,0,€ 0.00,,9,€ 24.55,€ 2.73,18,€ 241.31,€ 13.41,375,"€ 3,469.72",€ 9.25,,,,,,,,,,,,,,,,,,,,,€ 0.00,€ 0.00,€ 0.00,€ 0.00,€ 0.00,€ 0.00,€ 0.00,€ 0.00,€ 0.00,€ 0.00,"€ 7,907.33",€ 0.00
LBA,17.00,19/11/2023,23-24,7,12,4,Scafati,45249.7083Scafati,712,3891,4603,"€ 94,707.69",263,"€26,508.10",€ 100.79,78,"€ 5,834.16",€74.8,180,"€ 13,860.00",€77.0,0,€ 0.00,€0.0,0,€ 0.00,€0.0,5,€ 485.25,€ 97.05,70,60,,,,,,,,,,,,,,,,,,,,,80,"€3,960.01",€ 36.00,29,"€1,109.29",€38.25,44,,,0,€0.00,€0.0,0,€ 0.00,€0.0,7,€ 456.55,€ 65.22,30,41,1495,"€31,433.63",€ 20.38,707,"€14,569.44",€ 20.61,182,,,52,€ 517.84,€ 9.96,0,€ 0.00,€ 0.00,554,"€ 11,164.68",€ 20.15,47,258,671,"€11,059.12",€ 15.94,489,"€7,614.87",€ 15.57,9,,,0,€ 0.00,€ 0.00,0,€ 0.00,€ 0.00,173,"€ 3,216.65",€ 18.59,23,7,915,"€10,310.73",€ 11.18,375,"€4,283.51",€ 11.42,94,,,83,€ 459.99,€ 5.54,0,€ 0.00,€ 0.00,363,"€ 3,892.81",€ 10.72,7,114,,,,,,,,,,,,,,,,,,,,,398,"€3,897.63",€ 8.64,247,"€2,328.22",€ 9.43,2,,,12,€ 68.18,€ 5.68,0,€ 0.00,€ 0.00,137,"€ 1,477.23",€ 10.78,53,2,32,"€7,202.14",€ 225.07,4,€612.02,€ 153.01,26,,,0,€ 0.00,€ 0.00,0,€ 0.00,€ 0.00,2,€ 196.72,€ 98.36,0,0,0,0,0,0,0,€ 0.00,0,,,0,0,0,0,0,0,0,0,0,0,0,37,€ 336.33,€9.1,,112,1929,"€ 36,351.51",€ 18.84,537,"€ 36,083.96",€ 67.20,147,"€ 1,046.01",€ 7.12,0,€ 0.00,,1241,"€ 20,889.89",€ 16.83,,,,,,,,,,,,,,,,,,,,,€ 0.00,€ 0.00,€ 0.00,€ 0.00,€ 0.00,€ 0.00,€ 0.00,€ 0.00,€ 0.00,€ 0.00,"€ 94,707.69",€ 0.00
LBA,19.00,03/12/2023,23-24,9,13,3,Cremona,45263.7916Cremona,640,3797,4437,"€ 92,307.71",271,"€27,145.82",€ 100.17,78,"€ 5,834.16",€74.8,185,"€ 14,245.00",€77.0,0,€ 0.00,€0.0,0,€ 0.00,€0.0,8,€ 303.30,€ 37.91,70,51,,,,,,,,,,,,,,,,,,,,,81,"€4,011.65",€ 36.14,29,"€1,109.29",€38.25,45,,,0,€0.00,€0.0,0,€ 0.00,€0.0,7,€ 426.22,€ 60.89,30,47,1446,"€29,466.35",€ 19.74,707,"€14,569.44",€ 20.61,172,,,50,€ 437.60,€ 8.75,0,€ 0.00,€ 0.00,517,"€ 9,597.31",€ 18.56,47,254,662,"€10,942.07",€ 15.97,489,"€7,614.87",€ 15.57,12,,,0,€ 0.00,€ 0.00,0,€ 0.00,€ 0.00,161,"€ 3,018.45",€ 18.75,23,4,870,"€8,990.75",€ 10.25,375,"€4,283.51",€ 11.42,34,,,68,€ 356.36,€ 5.24,0,€ 0.00,€ 0.00,393,"€ 3,758.43",€ 9.56,7,52,,,,,,,,,,,,,,,,,,,,,394,"€3,997.70",€ 8.94,247,"€2,328.22",€ 9.43,2,,,12,€ 68.18,€ 5.68,0,€ 0.00,€ 0.00,133,"€ 1,577.30",€ 11.86,53,2,34,"€7,398.86",€ 217.61,4,€612.02,€ 153.01,26,,,0,€ 0.00,€ 0.00,0,€ 0.00,€ 0.00,4,€ 393.44,€ 98.36,0,0,0,0,0,0,0,€ 0.00,0,,,0,0,0,0,0,0,0,0,0,0,0,39,€ 354.51,€9.1,,112,1929,"€ 36,351.51",€ 18.84,476,"€ 35,665.11",€ 74.93,130,€ 862.14,€ 6.63,0,€ 0.00,,1223,"€ 19,074.45",€ 15.60,,,,,,,,,,,,,,,,,,,,,€ 0.00,€ 0.00,€ 0.00,€ 0.00,€ 0.00,€ 0.00,€ 0.00,€ 0.00,€ 0.00,€ 0.00,€ 0.00,"€ 92,307.71"
FEC,20.30,13/12/2023,23-24,3,4,4,ZZ Leiden,45273.8541ZZ Leiden,1207,641,1848,"€6,619",14,€437.98,€ 31.28,11,€ 368.31,€33.5,0,€ 0.00,,0,€ 0.00,€0.0,0,€ 0.00,€0.0,3,€ 69.67,€ 23.22,56,2,,,,,,,,,,,,,,,,,,,,,2,€90.17,€ 45.09,0,€0.00,#DIV/0!,0,,,0,€0.00,€0.0,0,€ 0.00,€0.0,2,€ 90.17,€ 45.09,2,17,357,"€3,783.43",€ 10.60,90,"€1,242.80",€ 13.81,0,,,13,€ 36.37,€ 2.80,0,€ 0.00,€ 0.00,254,"€ 2,504.26",€ 9.86,7,839,73,€876.70,€ 12.01,40,€560.21,€ 14.01,0,,,0,€ 0.00,€ 0.00,0,€ 0.00,€ 0.00,33,€ 316.49,€ 9.59,0,276,126,€950.35,€ 7.54,37,€387.28,€ 10.47,0,,,1,€ 0.91,€ 0.91,0,€ 0.00,€ 0.00,88,€ 562.16,€ 6.39,0,2,,,,,,,,,,,,,,,,,,,,,69,€480.44,€ 6.96,19,€143.94,€ 7.58,0,,,0,€ 0.00,€ 0.00,0,€ 0.00,€ 0.00,50,€ 336.50,€ 6.73,0,0,0,€0.00,€ 0.00,0,€0.00,€ 0.00,0,,,0,€ 0.00,€ 0.00,0,€ 0.00,€ 0.00,0,€ 0.00,€ 0.00,0,6,0,0,0,0,0,€ 0.00,0,,,0,0,0,0,0,0,0,0,0,0,0,0,€ 0.00,€0.0,,0,197,"€ 2,702.54",€ 13.72,0,€ 0.00,,14,€ 37.28,€ 2.66,0,€ 0.00,,430,"€ 3,879.25",€ 9.02,,,,,,,,,,,,,,,,,,,,,€ 0.00,€ 0.00,€ 0.00,€ 0.00,€ 0.00,€ 0.00,€ 0.00,€ 0.00,€ 0.00,€ 0.00,€ 0.00,"€ 6,619.07"
LBA,17.30,17/12/2023,23-24,8,14,1,Milano,45277.7291Milano,557,4061,4618,"€ 109,452.51",290,"€30,675.30",€ 105.78,78,"€ 5,834.16",€74.8,198,"€ 15,246.00",€77.0,0,€ 0.00,€0.0,0,€ 0.00,€0.0,14,"€ 1,701.63",€ 121.55,70,60,,,,,,,,,,,,,,,,,,,,,82,"€4,175.61",€ 37.28,29,"€1,109.29",€38.25,45,,,0,€0.00,€0.0,0,€ 0.00,€0.0,8,€ 590.18,€ 73.77,30,61,1608,"€37,178.94",€ 22.46,707,"€14,569.44",€ 20.61,179,,,50,€ 408.38,€ 8.17,45,"€ 1,093.52",€ 24.30,627,"€ 16,021.83",€ 25.55,47,141,676,"€11,759.11",€ 16.82,489,"€7,614.87",€ 15.57,12,,,0,€ 0.00,€ 0.00,17,€ 341.41,€ 20.08,158,"€ 3,494.08",€ 22.11,23,3,960,"€12,577.22",€ 13.01,375,"€4,283.51",€ 11.42,34,,,80,€ 440.90,€ 5.51,14,€ 228.37,€ 16.31,457,"€ 7,031.99",€ 15.39,7,60,,,,,,,,,,,,,,,,,,,,,393,"€4,365.29",€ 9.79,247,"€2,328.22",€ 9.43,2,,,14,€ 78.18,€ 5.58,14,€ 201.15,€ 14.37,116,"€ 1,733.74",€ 14.95,53,2,38,"€8,579.18",€ 225.77,4,€612.02,€ 153.01,26,,,0,€ 0.00,€ 0.00,0,€ 0.00,€ 0.00,8,"€ 1,573.76",€ 196.72,0,0,0,0,0,0,0,€ 0.00,0,,,0,0,0,0,0,0,0,0,0,0,0,14,€ 141.86,€10.1,,112,1929,"€ 36,351.51",€ 18.84,496,"€ 38,020.03",€ 76.65,144,€ 927.46,€ 6.44,90,"€ 1,864.45",€ 20.72,1388,"€ 32,147.21",€ 23.16,,,,,,,,,,,,,,,,,,,,,€ 0.00,€ 0.00,€ 0.00,€ 0.00,€ 0.00,€ 0.00,€ 0.00,€ 0.00,€ 0.00,€ 0.00,€ 0.00,"€ 109,452.51"
LBA,20.30,07/01/2024,23-24,6,15,2,Reggio Emilia,45298.8541Reggio Emilia,501,4136,4637,"€ 100,280.58",280,"€28,419.21",€ 101.50,78,"€ 5,834.16",€74.8,183,"€ 14,091.00",€77.0,0,€ 0.00,€0.0,0,€ 0.00,€0.0,19,"€ 1,904.56",€ 100.24,70,50,,,,,,,,,,,,,,,,,,,,,82,"€3,885.98",€ 34.70,29,"€1,109.29",€38.25,42,,,0,€0.00,€0.0,0,€ 0.00,€0.0,11,€ 546.45,€ 49.68,30,50,1626,"€33,850.35",€ 20.23,707,"€14,569.44",€ 20.61,162,,,13,€ 90.25,€ 6.94,33,€ 851.34,€ 25.80,711,"€ 13,796.99",€ 19.41,47,126,678,"€10,844.92",€ 15.47,489,"€7,614.87",€ 15.57,12,,,0,€ 0.00,€ 0.00,27,€ 528.22,€ 19.56,150,"€ 2,393.08",€ 15.95,23,4,1001,"€11,490.93",€ 11.40,375,"€4,283.51",€ 11.42,36,,,45,€ 245.45,€ 5.45,20,€ 316.12,€ 15.81,525,"€ 6,017.33",€ 11.46,7,39,,,,,,,,,,,,,,,,,,,,,396,"€3,962.82",€ 8.83,247,"€2,328.22",€ 9.43,2,,,3,€ 19.09,€ 6.36,15,€ 184.55,€ 12.30,129,"€ 1,406.96",€ 10.91,53,2,34,"€7,398.86",€ 217.61,4,€612.02,€ 153.01,26,,,0,€ 0.00,€ 0.00,0,€ 0.00,€ 0.00,4,€ 393.44,€ 98.36,0,0,0,0,0,0,0,€ 0.00,0,,,0,0,0,0,0,0,0,0,0,0,0,39,€ 427.51,€11.0,,112,1929,"€ 36,351.51",€ 18.84,463,"€ 34,807.74",€ 75.18,61,€ 354.79,€ 5.82,95,"€ 1,880.23",€ 19.79,1549,"€ 26,458.81",€ 17.08,,,,,,,,,,,,,,,,,,,,,"€ 100,280.58",€ 0.00,€ 0.00,€ 0.00,€ 0.00,€ 0.00,€ 0.00,€ 0.00,€ 0.00,€ 0.00,€ 0.00,€ 0.00
FEC,20.30,10/01/2024,23-24,3,4,4,CSM Oradea,45301.8541CSM Oradea,1247,888,2135,"€10,197",21,€815.06,€ 38.81,11,€ 368.31,€33.5,0,€ 0.00,,0,€ 0.00,€0.0,0,€ 0.00,€0.0,10,€ 446.75,€ 44.68,56,17,,,,,,,,,,,,,,,,,,,,,2,€98.36,€ 49.18,0,€0.00,#DIV/0!,0,,,0,€0.00,€0.0,0,€ 0.00,€0.0,2,€ 98.36,€ 49.18,2,22,581,"€6,377.97",€ 10.98,90,"€1,242.80",€ 13.81,0,,,23,€ 61.83,€ 2.69,5,€ 94.27,€ 18.85,463,"€ 4,979.07",€ 10.75,7,853,73,€978.80,€ 13.41,40,€560.21,€ 14.01,0,,,0,€ 0.00,€ 0.00,0,€ 0.00,€ 0.00,33,€ 418.59,€ 12.68,0,272,119,"€1,178.34",€ 9.90,37,€387.28,€ 10.47,0,,,4,€ 7.28,€ 1.82,0,€ 0.00,€ 0.00,78,€ 783.78,€ 10.05,0,9,,,,,,,,,,,,,,,,,,,,,92,€748.59,€ 8.14,19,€143.94,€ 7.58,0,,,3,€ 10.01,€ 3.34,0,€ 0.00,€ 0.00,70,€ 594.64,€ 8.49,0,0,0,€0.00,€ 0.00,0,€0.00,€ 0.00,0,,,0,€ 0.00,€ 0.00,0,€ 0.00,€ 0.00,0,€ 0.00,€ 0.00,0,9,0,0,0,0,0,€ 0.00,0,,,0,0,0,0,0,0,0,0,0,0,0,0,€ 0.00,€0.0,,0,197,"€ 2,702.54",€ 13.72,0,€ 0.00,,30,€ 79.12,€ 2.64,5,€ 94.27,€ 18.85,656,"€ 7,321.19",€ 11.16,,,,,,,,,,,,,,,,,,,,,"€ 10,197.12",€ 0.00,€ 0.00,€ 0.00,€ 0.00,€ 0.00,€ 0.00,€ 0.00,€ 0.00,€ 0.00,€ 0.00,€ 0.00
LBA,16.30,14/01/2024,23-24,1,12,1,Venezia,45305.6875Venezia,562,4170,4732,"€ 100,452.48",267,"€26,629.37",€ 99.74,78,"€ 5,834.16",€74.8,173,"€ 13,321.00",€77.0,0,€ 0.00,€0.0,0,€ 0.00,€0.0,16,"€ 1,754.06",€ 109.63,70,98,,,,,,,,,,,,,,,,,,,,,86,"€4,482.98",€ 38.65,29,"€1,109.29",€38.25,44,,,0,€0.00,€0.0,1,€ 94.26,€94.3,12,€ 885.26,€ 73.77,30,88,1687,"€34,181.31",€ 19.71,707,"€14,569.44",€ 20.61,171,,,37,€ 319.67,€ 8.64,117,"€ 2,966.46",€ 25.35,655,"€ 11,495.71",€ 17.55,47,75,669,"€11,583.68",€ 16.74,489,"€7,614.87",€ 15.57,12,,,0,€ 0.00,€ 0.00,69,"€ 1,494.61",€ 21.66,99,"€ 2,165.45",€ 21.87,23,5,988,"€11,837.73",€ 11.90,375,"€4,283.51",€ 11.42,37,,,97,€ 570.89,€ 5.89,70,"€ 1,124.55",€ 16.06,409,"€ 5,266.34",€ 12.88,7,62,,,,,,,,,,,,,,,,,,,,,401,"€4,335.61",€ 9.55,247,"€2,328.22",€ 9.43,2,,,16,€ 96.36,€ 6.02,23,€ 340.92,€ 14.82,113,"€ 1,546.11",€ 13.68,53,4,30,"€7,005.42",€ 233.51,4,€612.02,€ 153.01,26,,,0,€ 0.00,€ 0.00,0,€ 0.00,€ 0.00,0,€ 0.00,€ 0.00,0,0,0,0,0,0,0,€ 0.00,0,,,0,0,0,0,0,0,0,0,0,0,0,42,€ 396.38,€9.4,,112,1929,"€ 36,351.51",€ 18.84,465,"€ 33,583.96",€ 72.22,150,€ 986.92,€ 6.58,280,"€ 6,020.80",€ 21.50,1304,"€ 23,112.93",€ 17.72,,,,,,,,,,,,,,,,,,,,,"€ 100,452.48",€ 0.00,€ 0.00,€ 0.00,€ 0.00,€ 0.00,€ 0.00,€ 0.00,€ 0.00,€ 0.00,€ 0.00,€ 0.00
LBA,17.00,21/01/2024,23-24,3,13,1,Bologna,45312.7083Bologna,543,4142,4685,"€ 109,595.15",294,"€31,358.90",€ 106.66,78,"€ 5,834.16",€74.8,199,"€ 15,323.00",€77.0,0,€ 0.00,€0.0,0,€ 0.00,€0.0,17,"€ 2,221.30",€ 130.66,70,56,,,,,,,,,,,,,,,,,,,,,86,"€4,465.76",€ 38.50,29,"€1,109.29",€38.25,46,,,0,€0.00,€0.0,1,€ 94.26,€94.3,10,€ 704.11,€ 70.41,30,61,1652,"€35,576.96",€ 20.94,707,"€14,569.44",€ 20.61,194,,,37,€ 321.21,€ 8.68,343,"€ 8,333.50",€ 24.30,371,"€ 6,787.53",€ 18.30,47,163,673,"€11,520.19",€ 16.55,489,"€7,614.87",€ 15.57,12,,,0,€ 0.00,€ 0.00,129,"€ 2,658.76",€ 20.61,43,€ 937.81,€ 21.81,23,4,998,"€13,190.37",€ 13.12,375,"€4,283.51",€ 11.42,37,,,36,€ 212.72,€ 5.91,219,"€ 3,315.72",€ 15.14,331,"€ 4,731.87",€ 14.30,7,23,,,,,,,,,,,,,,,,,,,,,386,"€4,359.27",€ 9.93,247,"€2,328.22",€ 9.43,2,,,12,€ 68.18,€ 5.68,96,"€ 1,507.36",€ 15.70,29,€ 431.51,€ 14.88,53,6,38,"€8,907.05",€ 234.40,4,€612.02,€ 153.01,26,,,0,€ 0.00,€ 0.00,0,€ 0.00,€ 0.00,8,"€ 1,901.63",€ 237.70,0,0,0,0,0,0,0,€ 0.00,0,,,0,0,0,0,0,0,0,0,0,0,0,15,€ 216.65,€14.4,,49,1929,"€ 36,351.51",€ 18.84,516,"€ 38,799.53",€ 75.19,85,€ 602.11,€ 7.08,788,"€ 15,909.60",€ 20.19,809,"€ 17,715.76",€ 21.90,,,,,,,,,,,,,,,,,,,,,"€ 109,595.15",€ 0.00,€ 0.00,€ 0.00,€ 0.00,€ 0.00,€ 0.00,€ 0.00,€ 0.00,€ 0.00,€ 0.00,€ 0.00
FEC,20.30,24/01/2024,23-24,1,2,3,Chemnitz,45315.8541Chemnitz,1624,1304,2928,"€15,329",26,€987.18,€ 37.97,11,€ 368.31,€33.5,0,€ 0.00,,0,€ 0.00,€0.0,0,€ 0.00,€0.0,15,€ 618.87,€ 41.26,56,25,,,,,,,,,,,,,,,,,,,,,0,€0.00,#DIV/0!,0,€0.00,#DIV/0!,0,,,0,€0.00,€0.0,0,€ 0.00,€0.0,0,€ 0.00,#DIV/0!,2,27,799,"€9,134.28",€ 11.43,90,"€1,242.80",€ 13.81,0,,,17,€ 72.73,€ 4.28,52,€ 887.65,€ 17.07,640,"€ 6,931.10",€ 10.83,7,747,123,"€1,517.24",€ 12.34,40,€560.21,€ 14.01,0,,,0,€ 0.00,€ 0.00,14,€ 196.52,€ 14.04,69,€ 760.51,€ 11.02,0,275,251,"€2,574.79",€ 10.26,37,€387.28,€ 10.47,0,,,4,€ 10.92,€ 2.73,81,€ 994.46,€ 12.28,129,"€ 1,182.13",€ 9.16,0,464,,,,,,,,,,,,,,,,,,,,,103,€945.99,€ 9.18,19,€143.94,€ 7.58,0,,,0,€ 0.00,€ 0.00,21,€ 261.76,€ 12.46,63,€ 540.29,€ 9.00,0,10,2,€169.94,€ 84.97,0,€0.00,€ 0.00,0,,,0,€ 0.00,€ 0.00,0,€ 0.00,€ 0.00,2,€ 169.94,€ 84.97,0,11,0,0,0,0,0,€ 0.00,0,,,0,0,0,0,0,0,0,0,0,0,0,0,€ 0.00,€0.0,,0,197,"€ 2,702.54",€ 13.72,0,€ 0.00,,21,€ 83.65,€ 3.98,168,"€ 2,340.39",€ 13.93,918,"€ 10,202.84",€ 11.11,,,,,,,,,,,,,,,,,,,,,"€ 15,329.42",€ 0.00,€ 0.00,€ 0.00,€ 0.00,€ 0.00,€ 0.00,€ 0.00,€ 0.00,€ 0.00,€ 0.00,€ 0.00
LBA,20.00,11/02/2024,23-24,14,13,2,Pesaro,45333.8333Pesaro,604,4050,4654,"€ 104,973.62",282,"€29,514.65",€ 104.66,78,"€ 5,834.16",€74.8,197,"€ 15,169.00",€77.0,0,€ 0.00,€0.0,0,€ 0.00,€0.0,7,€ 704.91,€ 100.70,70,75,,,,,,,,,,,,,,,,,,,,,81,"€4,179.66",€ 37.65,29,"€1,109.29",€38.25,44,,,0,€0.00,€0.0,0,€ 0.00,€0.0,8,€ 676.20,€ 84.53,30,76,1638,"€36,587.88",€ 21.71,707,"€14,569.44",€ 20.61,162,,,27,€ 224.77,€ 8.32,149,"€ 3,687.21",€ 24.75,593,"€ 13,564.13",€ 22.87,47,126,670,"€11,761.74",€ 16.97,489,"€7,614.87",€ 15.57,12,,,0,€ 0.00,€ 0.00,29,€ 626.22,€ 21.59,140,"€ 3,211.90",€ 22.94,23,8,949,"€11,320.46",€ 11.84,375,"€4,283.51",€ 11.42,37,,,51,€ 308.17,€ 6.04,76,"€ 1,033.27",€ 13.60,410,"€ 5,048.96",€ 12.31,7,87,,,,,,,,,,,,,,,,,,,,,399,"€4,587.42",€ 10.15,247,"€2,328.22",€ 9.43,2,,,15,€ 79.09,€ 5.27,39,€ 714.14,€ 18.31,96,"€ 1,441.97",€ 15.02,53,2,30,"€7,005.42",€ 233.51,4,€612.02,€ 153.01,26,"€ 4,264.00",€ 164.00,0,€ 0.00,€ 0.00,0,€ 0.00,€ 0.00,0,€ 0.00,€ 0.00,0,0,0,0,0,0,0,€ 0.00,0,,,0,0,0,0,0,0,0,0,0,0,0,1,€ 16.39,€16.4,,51,1929,"€ 36,351.51",€ 18.84,480,"€ 37,284.79",€ 77.68,93,€ 612.03,€ 6.58,293,"€ 6,060.84",€ 20.69,1254,"€ 24,648.07",€ 19.66,,,,,,,,,,,,,,,,,,,,,€ 0.00,"€ 104,973.62",€ 0.00,€ 0.00,€ 0.00,€ 0.00,€ 0.00,€ 0.00,€ 0.00,€ 0.00,€ 0.00,€ 0.00
LBA,17.00,10/03/2024,23-24,16,13,4,Brindisi,45361.7083Brindisi,612,4030,4642,"€ 104,560.78",290,"€30,744.14",€ 106.01,78,"€ 5,834.16",€74.8,202,"€ 15,554.00",€77.0,0,€ 0.00,€0.0,0,€ 0.00,€0.0,10,"€ 1,114.73",€ 111.47,70,73,,,,,,,,,,,,,,,,,,,,,84,"€4,423.95",€ 38.81,29,"€1,109.29",€38.25,52,,,0,€0.00,€0.0,0,€ 0.00,€0.0,3,€ 264.75,€ 88.25,30,65,1633,"€35,969.22",€ 21.41,707,"€14,569.44",€ 20.61,179,,,36,€ 290.16,€ 8.06,124,"€ 3,172.88",€ 25.59,587,"€ 12,850.97",€ 21.89,47,122,670,"€11,609.31",€ 16.75,489,"€7,614.87",€ 15.57,12,,,0,€ 0.00,€ 0.00,29,€ 549.77,€ 18.96,140,"€ 3,135.92",€ 22.40,23,7,930,"€10,514.65",€ 11.22,375,"€4,283.51",€ 11.42,36,,,84,€ 452.72,€ 5.39,36,€ 527.49,€ 14.65,399,"€ 4,622.41",€ 11.58,7,91,,,,,,,,,,,,,,,,,,,,,378,"€4,128.54",€ 9.58,247,"€2,328.22",€ 9.43,2,,,13,€ 69.09,€ 5.31,27,€ 409.66,€ 15.17,89,"€ 1,297.57",€ 14.58,53,24,30,"€7,005.42",€ 233.51,4,€612.02,€ 153.01,26,"€ 4,264.00",€ 164.00,0,€ 0.00,€ 0.00,0,€ 0.00,€ 0.00,0,€ 0.00,€ 0.00,0,0,0,0,0,0,0,€ 0.00,0,,,0,0,0,0,0,0,0,0,0,0,0,15,€ 165.55,€11.0,,56,1929,"€ 36,351.51",€ 18.84,509,"€ 39,285.61",€ 77.18,133,€ 811.97,€ 6.11,216,"€ 4,659.80",€ 21.57,1228,"€ 23,286.35",€ 18.96,,,,,,,,,,,,,,,,,,,,,€ 0.00,€ 0.00,"€ 104,560.78",€ 0.00,€ 0.00,€ 0.00,€ 0.00,€ 0.00,€ 0.00,€ 0.00,€ 0.00,€ 0.00
FEC,20.30,13/03/2024,23-24,1,1,2,Nymburk,45364.8541Nymburk,1646,1733,3379,"€22,153",32,"€1,324.54",€ 41.39,0,€ 0.00,,0,€ 0.00,,0,€ 0.00,€0.0,0,€ 0.00,€0.0,32,"€ 1,324.54",€ 41.39,50,78,,,,,,,,,,,,,,,,,,,,,10,€442.62,€ 44.26,0,€0.00,#DIV/0!,0,,,0,€0.00,€0.0,0,€ 0.00,€0.0,10,€ 442.62,€ 44.26,0,66,1042,"€13,268.32",€ 12.73,0,€0.00,€ 0.00,0,,,24,€ 120.00,€ 5.00,0,€ 0.00,€ 0.00,1018,"€ 13,148.32",€ 12.92,0,599,298,"€3,052.22",€ 10.24,0,€0.00,€ 0.00,0,,,0,€ 0.00,€ 0.00,0,€ 0.00,€ 0.00,298,"€ 3,052.22",€ 10.24,0,176,202,"€2,070.06",€ 10.25,0,€0.00,€ 0.00,0,,,0,€ 0.00,€ 0.00,0,€ 0.00,€ 0.00,202,"€ 2,070.06",€ 10.25,0,663,,,,,,,,,,,,,,,,,,,,,147,"€1,382.84",€ 9.41,0,€0.00,€ 0.00,0,,,0,€ 0.00,€ 0.00,0,€ 0.00,€ 0.00,147,"€ 1,382.84",€ 9.41,0,0,2,€612.02,€ 0.00,0,€612.02,€ 0.00,0,€ 0.00,,0,€ 0.00,€ 0.00,0,€ 0.00,€ 0.00,2,€ 245.90,€ 122.95,0,14,0,0,0,0,0,€ 0.00,0,,,0,0,0,0,0,0,0,0,0,0,0,0,€ 0.00,€0.0,,0,0,€ 612.02,,0,€ 0.00,,24,€ 120.00,€ 5.00,0,€ 0.00,,1709,"€ 21,666.50",€ 12.68,,,,,,,,,,,,,,,,,,,,,€ 0.00,€ 0.00,"€ 22,152.62",€ 0.00,€ 0.00,€ 0.00,€ 0.00,€ 0.00,€ 0.00,€ 0.00,€ 0.00,€ 0.00
FEC,20.30,27/03/2024,23-24,1,1,2,Bahcesehir,45378.8541Bahcesehir,1382,2293,3675,"€31,380",50,"€2,639.24",€ 52.78,0,€ 0.00,,0,€ 0.00,,0,€ 0.00,€0.0,0,€ 0.00,€0.0,50,"€ 2,639.24",€ 52.78,50,111,,,,,,,,,,,,,,,,,,,,,15,€729.50,€ 48.63,0,€0.00,#DIV/0!,0,,,0,€0.00,€0.0,0,€ 0.00,€0.0,15,€ 729.50,€ 48.63,0,65,1186,"€15,977.36",€ 13.47,0,€0.00,€ 0.00,0,,,57,€ 264.55,€ 4.64,2,€ 48.36,€ 24.18,1127,"€ 15,664.45",€ 13.90,0,493,453,"€4,958.25",€ 10.95,0,€0.00,€ 0.00,0,,,0,€ 0.00,€ 0.00,0,€ 0.00,€ 0.00,453,"€ 4,958.25",€ 10.95,0,121,376,"€3,684.60",€ 9.80,0,€0.00,€ 0.00,0,,,6,€ 38.18,€ 6.36,1,€ 15.99,€ 15.99,369,"€ 3,630.43",€ 9.84,0,530,,,,,,,,,,,,,,,,,,,,,209,"€2,287.14",€ 10.94,0,€0.00,€ 0.00,0,,,3,€ 19.09,€ 6.36,4,€ 57.77,€ 14.44,202,"€ 2,152.51",€ 10.66,0,2,4,"€1,103.82",€ 275.96,0,€612.02,€ 0.00,0,€ 0.00,,0,€ 0.00,€ 0.00,0,€ 0.00,€ 0.00,4,€ 491.80,€ 122.95,0,10,0,0,0,0,0,€ 0.00,0,,,0,0,0,0,0,0,0,0,0,0,0,0,€ 0.00,€0.0,,112,0,€ 612.02,,0,€ 0.00,,66,€ 321.82,€ 4.88,7,€ 122.12,€ 17.45,2220,"€ 30,266.18",€ 13.63,,,,,,,,,,,,,,,,,,,,,€ 0.00,€ 0.00,"€ 31,379.91",€ 0.00,€ 0.00,€ 0.00,€ 0.00,€ 0.00,€ 0.00,€ 0.00,€ 0.00,€ 0.00
LBA,21.00,30/03/2024,23-24,2,13,1,Brescia,45381.875Brescia,578,4175,4753,"€ 103,492.70",273,"€28,416.29",€ 104.09,78,"€ 5,834.16",€74.8,194,"€ 14,938.00",€77.0,0,€ 0.00,€0.0,0,€ 0.00,€0.0,1,€ 98.36,€ 98.36,70,76,,,,,,,,,,,,,,,,,,,,,78,"€3,978.86",€ 36.84,29,"€1,109.29",€38.25,46,,,0,€0.00,€0.0,0,€ 0.00,€0.0,3,€ 311.47,€ 103.82,30,96,1606,"€35,218.33",€ 21.31,707,"€14,569.44",€ 20.61,174,"€ 4,176.00",€ 24.00,34,€ 173.94,€ 5.12,147,"€ 3,795.81",€ 25.82,544,"€ 11,753.20",€ 21.61,47,136,666,"€11,647.73",€ 16.91,489,"€7,614.87",€ 15.57,12,€ 240.00,€ 20.00,0,€ 0.00,€ 0.00,40,€ 769.02,€ 19.23,125,"€ 2,955.09",€ 23.64,23,5,1003,"€11,217.85",€ 11.11,375,"€4,283.51",€ 11.42,34,€ 476.00,€ 14.00,36,€ 212.72,€ 5.91,45,€ 668.08,€ 14.85,513,"€ 5,461.09",€ 10.65,7,33,,,,,,,,,,,,,,,,,,,,,401,"€4,424.60",€ 9.75,247,"€2,328.22",€ 9.43,2,€ 28.00,€ 14.00,5,€ 20.91,€ 4.18,44,€ 652.50,€ 14.83,103,"€ 1,398.97",€ 13.58,53,2,30,"€7,005.42",€ 233.51,4,€612.02,€ 153.01,26,"€ 4,264.00",€ 164.00,0,€ 0.00,€ 0.00,0,€ 0.00,€ 0.00,0,€ 0.00,€ 0.00,0,0,0,0,0,0,0,€ 0.00,0,,,0,0,0,0,0,0,0,0,0,0,0,118,"€ 1,583.62",€13.4,,49,1929,"€ 36,351.51",€ 18.84,488,"€ 37,286.42",€ 76.41,75,€ 407.57,€ 5.43,276,"€ 5,885.41",€ 21.32,1289,"€ 21,978.18",€ 17.05,,,,,,,,,,,,,,,,,,,,,€ 0.00,€ 0.00,"€ 103,492.70",€ 0.00,€ 0.00,€ 0.00,€ 0.00,€ 0.00,€ 0.00,€ 0.00,€ 0.00,€ 0.00
LBA,16.30,07/04/2024,23-24,9,14,2,Napoli,45389.6875Napoli,664,3458,4122,"€ 93,493.80",284,"€29,727.72",€ 104.68,78,"€ 5,834.16",€74.8,194,"€ 14,938.00",€77.0,0,€ 0.00,€0.0,0,€ 0.00,€0.0,12,"€ 1,409.79",€ 117.48,70,72,,,,,,,,,,,,,,,,,,,,,80,"€4,118.21",€ 37.44,29,"€1,109.29",€38.25,48,,,0,€0.00,€0.0,0,€ 0.00,€0.0,3,€ 286.88,€ 95.63,30,68,1347,"€28,621.48",€ 20.53,707,"€14,569.44",€ 20.61,154,"€ 3,696.00",€ 24.00,36,€ 290.16,€ 8.06,102,"€ 2,621.25",€ 25.70,348,"€ 6,854.04",€ 19.70,47,210,594,"€9,994.08",€ 16.20,489,"€7,614.87",€ 15.57,2,€ 40.00,€ 20.00,0,€ 0.00,€ 0.00,35,€ 722.95,€ 20.66,68,"€ 1,618.00",€ 23.79,23,10,732,"€8,863.02",€ 11.99,375,"€4,283.51",€ 11.42,34,€ 476.00,€ 14.00,51,€ 308.17,€ 6.04,45,€ 702.10,€ 15.60,227,"€ 2,976.79",€ 13.11,7,66,,,,,,,,,,,,,,,,,,,,,387,"€4,180.27",€ 9.50,247,"€2,328.22",€ 9.43,2,€ 28.00,€ 14.00,5,€ 20.91,€ 4.18,44,€ 667.65,€ 15.17,89,"€ 1,139.49",€ 12.80,53,8,34,"€7,989.02",€ 234.97,4,€612.02,€ 153.01,26,"€ 4,264.00",€ 164.00,0,€ 0.00,€ 0.00,0,€ 0.00,€ 0.00,4,€ 983.60,€ 245.90,0,0,0,0,0,0,0,€ 0.00,0,,,0,0,0,0,0,0,0,0,0,0,0,0,€ 0.00,€0.0,,49,1929,"€ 36,351.51",€ 18.84,460,"€ 36,540.52",€ 79.44,92,€ 619.24,€ 6.73,226,"€ 4,713.95",€ 20.86,751,"€ 15,268.59",€ 20.33,,,,,,,,,,,,,,,,,,,,,€ 0.00,€ 0.00,€ 0.00,"€ 93,493.80",€ 0.00,€ 0.00,€ 0.00,€ 0.00,€ 0.00,€ 0.00,€ 0.00,€ 0.00
LBA,18.15,28/04/2024,23-24,14,13,2,Treviso,45410.7604Treviso,430,4314,4744,"€ 102,042.27",342,"€31,694.96",€ 92.68,78,"€ 5,834.16",€74.8,196,"€ 15,092.00",€77.0,0,€ 0.00,€0.0,4,€ 0.00,€0.0,64,"€ 3,049.16",€ 47.64,70,25,,,,,,,,,,,,,,,,,,,,,105,"€4,818.33",€ 45.89,29,"€1,109.29",€38.25,48,,,0,€0.00,€0.0,0,€ 0.00,€0.0,28,€ 987.00,€ 35.25,30,42,1712,"€36,314.15",€ 21.21,707,"€14,569.44",€ 20.61,190,"€ 4,560.00",€ 24.00,36,€ 269.66,€ 7.49,94,"€ 2,386.43",€ 25.39,685,"€ 13,651.21",€ 19.93,47,56,679,"€11,550.01",€ 17.01,489,"€7,614.87",€ 15.57,7,€ 140.00,€ 20.00,0,€ 0.00,€ 0.00,31,€ 647.14,€ 20.88,152,"€ 3,114.48",€ 20.49,23,3,974,"€11,823.60",€ 12.14,375,"€4,283.51",€ 11.42,30,€ 420.00,€ 14.00,104,€ 585.45,€ 5.63,41,€ 636.94,€ 15.54,424,"€ 5,797.39",€ 13.67,7,74,,,,,,,,,,,,,,,,,,,,,405,"€4,135.39",€ 10.21,247,"€2,328.22",€ 9.43,2,€ 28.00,€ 14.00,7,€ 39.09,€ 5.58,37,€ 564.18,€ 15.25,112,"€ 1,179.90",€ 10.66,53,0,38,"€1,103.82",€ 275.96,4,€612.02,€ 153.01,26,"€ 4,264.00",€ 164.00,0,€ 0.00,€ 0.00,0,€ 0.00,€ 0.00,8,"€ 1,885.23",€ 235.65,0,0,0,0,0,0,0,€ 0.00,0,,,0,0,0,0,0,0,0,0,0,0,0,59,€ 602.01,€10.2,,32,1929,"€ 36,351.51",€ 18.84,499,"€ 38,082.33",€ 76.32,147,€ 894.20,€ 6.08,207,"€ 4,234.69",€ 20.46,1473,"€ 29,664.37",€ 20.14,,,,,,,,,,,,,,,,,,,,,€ 0.00,€ 0.00,€ 0.00,"€ 102,042.27",€ 0.00,€ 0.00,€ 0.00,€ 0.00,€ 0.00,€ 0.00,€ 0.00,€ 0.00
LBA,16.40,06/10/2024,24-25,3,16,3,Tortona,45571.6944Tortona,339,3852,4191,"€ 93,640.05",336,"€ 22,683.50",€ 67.51,111,"€ 6,334.98",€57.1,190,"€ 14,630.00",€77.0,0,0,0,0,€ 0.00,€0.0,35,"€ 1,718.52",€49.1,18,47,,,,,,,,,,,,,,,,,,,,,88,"€ 3,355.79",€ 38.13,44,"€ 1,457.92",€33.13,35,"€ 1,470.00",€42.0,0,0,0,0,0,€0.0,9,427.87,€47.5,9,50,1557,"€ 31,783.21",€ 20.41,812,"€ 16,331.12",€20.11,154,"€ 3,696.00",€24.0,0,0,0,0,0,€0.0,591,11756.09,€19.9,4,117,651,"€ 11,785.46",€ 18.10,453,"€ 7,983.68",€17.62,2,€ 40.00,€20.0,0,0,0,0,0,€0.0,196,3761.78,€19.2,8,0,729,"€ 8,344.23",€ 11.45,331,"€ 4,282.15",€12.94,5,€ 70.00,€14.0,132,634.4611475,€4.8,0,0,€0.0,261,3357.618,€12.9,0,33,,,,,,,,,,,,,,,,,,,,,406,"€ 4,741.04",€ 11.68,257,"€ 2,798.43",€10.89,4,€ 56.00,€14.0,5,€ 12.69,€2.5,0,€ 0.00,€0.0,140,1873.92,€13.4,50,0,34,"€ 5,739.80",€ 168.82,2,€ 491.80,€245.90,32,"€ 5,248.00",€164.0,0,0,,0,0,,0,0,,0,3,51,"€ 5,207.02",€ 102.10,33,"€ 2,646.40",€ 80.19,18,"€ 2,560.62",€142.3,0,0,0,0,0,0,0,0,0,0,0,0,0,,,0,2043,"€ 42,326.48",€ 20.72,440,"€ 27,770.62",€ 63.12,137,€ 647.15,€ 4.72,0,€ 0.00,,1232,"€ 22,895.79",€ 18.58,639,21,0,0,234,80,0,7,246,0,17,70,7,106,0,63,4,0,0,0,€ 0.00,€ 0.00,€ 0.00,€ 0.00,€ 0.00,€ 0.00,€ 0.00,€ 0.00,€ 0.00,"€ 93,640.05",€ 0.00,€ 0.00
LBA,20.30,19/10/2024,24-25,5,16,3,Trapani,45584.8541Trapani,309,4122,4431,"€ 101,408.96",335,"€ 22,836.12",€ 68.17,111,"€ 6,334.98",€57.1,197,"€ 15,169.00",€77.0,0,€ 0.00,0,0,€ 0.00,€0.0,27,"€ 1,332.14",€49.3,18,47,,,,,,,,,,,,,,,,,,,,,89,"€ 3,372.02",€ 37.89,44,"€ 1,457.92",€ 33.13,30,"€ 1,260.00",€42.0,0,€ 0.00,€0.0,0,0,€0.0,15,654.1003279,€43.6,9,43,1403,"€ 30,991.42",€ 22.09,812,"€ 16,331.12",€ 20.11,183,"€ 4,392.00",€24.0,0,€ 0.00,€0.0,0,0,€0.0,408,10268.3,€25.2,4,123,665,"€ 12,364.62",€ 18.59,453,"€ 7,983.68",€ 17.62,2,€ 40.00,€20.0,0,€ 0.00,€0.0,0,0,€0.0,210,4340.9432,€20.7,8,0,908,"€ 12,008.61",€ 13.23,331,"€ 4,282.15",€ 12.94,22,€ 308.00,€14.0,160,815.6139344,€5.1,0,0,€0.0,395,6602.8464,€16.7,0,7,,,,,,,,,,,,,,,,,,,,,402,"€ 4,762.13",€ 11.85,257,"€ 2,798.43",€ 10.89,4,€ 56.00,€14.0,17,€ 48.09,€2.8,0,€ 0.00,€0.0,124,1859.6088,€15.0,50,0,38,"€ 6,473.58",€ 170.36,2,€ 491.80,€ 245.90,32,"€ 5,248.00",€164.0,0,€ 0.00,,0,€ 0.00,,4,733.775,€ 183.44,0,0,51,"€ 5,207.02",€ 102.10,33,"€ 2,646.40",€ 80.19,18,"€ 2,560.62",€142.3,0,0,0,0,0,0,0,0,0,0,0,231,3393.442623,€14.7,,0,2043,"€ 42,326.48",€ 20.72,488,"€ 29,033.62",€ 59.50,177,€ 863.71,€ 4.88,0,€ 0.00,,1183,"€ 25,791.72",€ 21.80,"1,013",9,0,53,30,20,8,37,238,0,6,52,13,82,0,46,6,2,4,15,€ 0.00,€ 0.00,€ 0.00,€ 0.00,€ 0.00,€ 0.00,€ 0.00,€ 0.00,€ 0.00,"€ 101,408.96",€ 0.00,€ 0.00
LBA,19.00,27/10/2024,24-25,9,16,4,Pistoia,45592.7916Pistoia,309,3511,3820,"€ 88,962.63",322,"€ 21,748.44",€ 67.54,111,"€ 6,334.98",€57.1,183,"€ 14,091.00",€77.0,0,€ 0.00,0,0,€ 0.00,€0.0,28,"€ 1,322.46",€47.2,18,37,,,,,,,,,,,,,,,,,,,,,85,"€ 3,190.52",€ 37.54,44,"€ 1,457.92",€33.13,32,"€ 1,344.00",€42.0,0,€ 0.00,€0.0,0,0,€0.0,9,388.6032787,€43.2,9,47,1293,"€ 28,199.11",€ 21.81,812,"€ 16,331.12",€ 20.11,190,"€ 4,560.00",€24.0,0,€ 0.00,€0.0,44,1186.052459,€27.0,247,6121.9396,€24.8,4,121,601,"€ 11,034.13",€ 18.36,453,"€ 7,983.68",€ 17.62,2,€ 40.00,€20.0,0,€ 0.00,€0.0,29,627.2033607,€21.6,117,2383.2512,€20.4,8,5,684,"€ 7,977.03",€ 11.66,331,"€ 4,282.15",€ 12.94,8,€ 112.00,€14.0,137,671.9739344,€4.9,5,88.1147541,€17.6,203,2822.796,€13.9,0,10,,,,,,,,,,,,,,,,,,,,,406,"€ 4,597.23",€ 11.32,257,"€ 2,798.43",€ 10.89,4,€ 56.00,€14.0,26,€ 23.49,€0.9,4,€ 70.49,€17.6,115,1648.818,€14.3,50,0,38,"€ 6,719.80",€ 176.84,2,€ 491.80,€ 245.90,32,"€ 5,248.00",€164.0,0,€ 0.00,,0,€ 0.00,,4,980,€ 245.00,0,0,51,"€ 5,207.02",€ 102.10,33,"€ 2,646.40",€ 80.19,18,"€ 2,560.62",€142.3,0,0,0,0,0,0,0,0,0,0,0,31,289.3442623,€9.3,,138,2043,"€ 42,326.48",€ 20.72,469,"€ 28,011.62",€ 59.73,163,€ 695.46,€ 4.27,82,"€ 1,971.86",€ 24.05,723,"€ 15,667.87",€ 21.67,468,7,2,30,93,20,2,33,177,0,4,59,4,88,0,54,6,0,7,2,€ 0.00,€ 0.00,€ 0.00,€ 0.00,€ 0.00,€ 0.00,€ 0.00,€ 0.00,€ 0.00,"€ 88,962.63",€ 0.00,€ 0.00
LBA,19.00,10/11/2024,24-25,2,13,1,Bologna,45606.7916Bologna,306,3755,4061,"€ 97,095.49",327,"€ 22,391.59",€ 68.48,111,"€ 6,334.98",€57.1,197,"€ 15,169.00",€77.0,0,€ 0.00,0,0,€ 0.00,€0.0,19,€ 887.61,€46.7,18,45,,,,,,,,,,,,,,,,,,,,,104,"€ 3,996.95",€ 38.43,44,"€ 1,457.92",€33.13,38,"€ 1,596.00",€42.0,0,€ 0.00,€0.0,0,0,€0.0,22,943.0327869,€42.9,9,36,1418,"€ 32,449.76",€ 22.88,812,"€ 16,331.12",€ 20.11,223,"€ 5,352.00",€24.0,0,€ 0.00,€0.0,80,2136.098361,€26.7,303,8630.538,€28.5,4,121,682,"€ 12,917.63",€ 18.94,453,"€ 7,983.68",€ 17.62,11,€ 220.00,€20.0,0,€ 0.00,€0.0,54,1165.609918,€21.6,164,3548.3382,€21.6,8,5,757,"€ 9,282.65",€ 12.26,331,"€ 4,282.15",€ 12.94,12,€ 168.00,€14.0,130,682.1233607,€5.2,25,429.1540984,€17.2,259,3721.2192,€14.4,0,9,,,,,,,,,,,,,,,,,,,,,379,"€ 4,375.10",€ 11.54,257,"€ 2,798.43",€ 10.89,4,€ 56.00,€14.0,23,€ 86.25,€3.7,8,€ 141.55,€17.7,87,1292.8716,€14.9,50,0,37,"€ 6,474.80",€ 174.99,2,€ 491.80,€ 245.90,32,"€ 5,248.00",€164.0,0,€ 0.00,,0,€ 0.00,,3,735,€ 245.00,0,1,51,"€ 5,207.02",€ 102.10,33,"€ 2,646.40",€ 80.19,18,"€ 2,560.62",€142.3,0,0,0,0,0,0,0,0,0,0,0,0,0,,,0,2043,"€ 42,326.48",€ 20.72,535,"€ 30,369.62",€ 56.77,153,€ 768.37,€ 5.02,167,"€ 3,872.41",€ 23.19,857,"€ 19,758.61",€ 23.06,570,11,21,2,142,20,35,45,162,0,16,64,8,85,2,41,8,0,8,1,€ 0.00,€ 0.00,€ 0.00,€ 0.00,€ 0.00,€ 0.00,€ 0.00,€ 0.00,€ 0.00,€ 0.00,"€ 97,095.49",€ 0.00
LBA,17.00,01/12/2024,24-25,9,13,1,Venezia,45627.7083Venezia,346,4162,4508,"€ 102,835.73",342,"€ 23,081.16",€ 67.49,111,"€ 6,334.98",€57.1,193,"€ 14,861.00",€77.0,0,€ 0.00,0,0,€ 0.00,€0.0,38,"€ 1,885.18",€49.6,18,40,,,,,,,,,,,,,,,,,,,,,112,"€ 4,412.09",€ 39.39,44,"€ 1,457.92",€33.13,42,"€ 1,764.00",€42.0,0,€ 0.00,€0.0,0,0,€0.0,26,1190.166885,€45.8,9,44,1645,"€ 36,126.66",€ 21.96,812,"€ 16,331.12",€ 20.11,210,"€ 5,040.00",€24.0,0,€ 0.00,€0.0,69,1874.242623,€27.2,554,12881.302,€23.3,4,125,690,"€ 12,830.75",€ 18.60,453,"€ 7,983.68",€ 17.62,5,€ 100.00,€20.0,0,€ 0.00,€0.0,62,1343.316393,€21.7,170,3403.752,€20.0,8,16,859,"€ 9,901.78",€ 11.53,331,"€ 4,282.15",€ 12.94,12,€ 168.00,€14.0,224,1117.897705,€5.0,40,682.3959016,€17.1,252,3651.3338,€14.5,0,32,,,,,,,,,,,,,,,,,,,,,408,"€ 4,873.60",€ 11.95,257,"€ 2,798.43",€ 10.89,4,€ 56.00,€14.0,16,€ 71.68,€4.5,20,€ 319.72,€16.0,111,1627.776,€14.7,50,0,36,"€ 6,229.80",€ 173.05,2,€ 491.80,€ 245.90,32,"€ 5,248.00",€164.0,0,€ 0.00,,0,€ 0.00,,2,490,€ 245.00,0,0,51,"€ 5,207.02",€ 102.10,33,"€ 2,646.40",€ 80.19,18,"€ 2,560.62",€142.3,0,0,0,0,0,0,0,0,0,0,0,19,172.8688525,€9.1,,0,2043,"€ 42,326.48",€ 20.72,516,"€ 29,797.62",€ 57.75,240,"€ 1,189.57",€ 4.96,191,"€ 4,219.67",€ 22.09,1153,"€ 25,129.51",€ 21.79,796,14,2,19,164,20,5,30,300,0,13,63,2,92,0,52,7,5,2,34,€ 0.00,€ 0.00,€ 0.00,€ 0.00,€ 0.00,€ 0.00,€ 0.00,€ 0.00,€ 0.00,€ 0.00,€ 0.00,"€ 102,835.73"
LBA,17.00,14/12/2024,24-25,6,14,1,Milano,45640.7083Milano,324,4355,4679,"€ 113,948.30",367,"€ 25,459.84",€ 69.37,111,"€ 6,334.98",€57.1,208,"€ 16,016.00",€77.0,0,€ 0.00,0,0,€ 0.00,€0.0,48,"€ 3,108.86",€64.8,18,31,,,,,,,,,,,,,,,,,,,,,119,"€ 5,274.33",€ 44.32,44,"€ 1,457.92",€ 33.13,42,"€ 1,764.00",€42.0,0,€ 0.00,€0.0,0,0,€0.0,33,2052.408197,€62.2,9,44,1677,"€ 39,221.26",€ 23.39,812,"€ 16,331.12",€ 20.11,208,"€ 4,992.00",€24.0,0,0,0,69,1874.242623,€27.2,588,16023.896,€27.3,4,122,713,"€ 13,814.02",€ 19.37,453,"€ 7,983.68",€ 17.62,14,€ 280.00,€20.0,0,0,0,62,1343.316393,€21.7,184,4207.0248,€22.9,8,9,950,"€ 13,158.76",€ 13.85,331,"€ 4,282.15",€ 12.94,30,€ 420.00,€14.0,134,693.9204918,€5.2,40,682.3959016,€17.1,415,7080.2901,€17.1,0,8,,,,,,,,,,,,,,,,,,,,,388,"€ 4,848.56",€ 12.50,257,"€ 2,798.43",€ 10.89,4,€ 56.00,€14.0,17,€ 80.83,€4.8,20,€ 319.72,€16.0,90,1593.5895,€17.7,50,20,38,"€ 6,475.68",€ 170.41,2,€ 491.80,€ 245.90,32,"€ 5,248.00",€164.0,0,0,,0,0,,4,735.882,€ 183.97,0,1,51,"€ 5,207.02",€ 102.10,33,"€ 2,646.40",€ 80.19,18,"€ 2,560.62",€142.3,0,0,0,0,0,0,0,0,0,0,0,52,488.8360656,€9.4,,0,2043,"€ 42,326.48",€ 20.72,556,"€ 31,336.62",€ 56.36,151,€ 774.75,€ 5.13,191,"€ 4,219.67",€ 22.09,1362,"€ 34,801.95",€ 25.55,988,28,0,50,33,0,38,75,330,0,63,74,4,83,0,45,5,1,2,21,€ 0.00,€ 0.00,€ 0.00,€ 0.00,€ 0.00,€ 0.00,€ 0.00,€ 0.00,€ 0.00,€ 0.00,€ 0.00,"€ 113,948.30"
LBA,20.30,28/12/2024,24-25,16,13,2,Napoli,45654.8541Napoli,355,4178,4533,"€ 104,010.08",351,"€ 23,461.24",€ 66.84,111,"€ 6,334.98",€57.1,192,"€ 14,784.00",€77.0,0,€ 0.00,0,4,€ 234.88,€58.7,44,"€ 2,107.38",€47.9,18,44,,,,,,,,,,,,,,,,,,,,,119,"€ 3,975.93",€ 33.41,44,"€ 1,457.92",€ 33.13,27,"€ 1,134.00",€42.0,0,€ 0.00,€0.0,2,89.34012295,€44.7,46,1294.671639,€28.1,9,37,1639,"€ 36,064.06",€ 22.00,812,"€ 16,331.12",€ 20.11,189,"€ 4,536.00",€24.0,0,0,0,119,2807.886098,€23.6,519,12389.0536,€23.9,4,139,717,"€ 13,246.32",€ 18.47,453,"€ 7,983.68",€ 17.62,8,€ 160.00,€20.0,0,0,0,49,924.7854098,€18.9,207,4177.8506,€20.2,8,3,879,"€ 11,600.99",€ 13.20,331,"€ 4,282.15",€ 12.94,9,€ 126.00,€14.0,83,434.7262295,€5.2,22,342.3527828,€15.6,434,6415.7634,€14.8,0,18,,,,,,,,,,,,,,,,,,,,,388,"€ 4,714.72",€ 12.15,257,"€ 2,798.43",€ 10.89,4,€ 56.00,€14.0,13,€ 52.62,€4.0,11,€ 169.64,€15.4,103,1638.0234,€15.9,50,20,34,"€ 5,739.80",€ 168.82,2,€ 491.80,€ 245.90,32,"€ 5,248.00",€164.0,0,0,,0,0,,0,0,,0,5,51,"€ 5,207.02",€ 102.10,33,"€ 2,646.40",€ 80.19,18,"€ 2,560.62",€142.3,0,0,0,0,0,0,0,0,0,0,0,0,0,,,0,2043,"€ 42,326.48",€ 20.72,479,"€ 28,604.62",€ 59.72,96,€ 487.35,€ 5.08,207,"€ 4,568.89",€ 22.07,1353,"€ 28,022.74",€ 20.71,847,13,3,2,184,0,21,66,224,171,29,49,9,94,0,51,26,2,2,33,€ 0.00,€ 0.00,€ 0.00,€ 0.00,€ 0.00,€ 0.00,€ 0.00,€ 0.00,€ 0.00,€ 0.00,€ 0.00,"€ 104,010.08"
LBA,18.15,12/01/2025,24-25,9,13,2,Treviso,45669.7604Treviso,321,4213,4534,"€ 105,487.99",364,"€ 24,466.30",€ 67.22,111,"€ 6,334.98",€57.1,196,"€ 15,092.00",€77.0,0,€ 0.00,0,4,€ 238.31,€59.6,53,"€ 2,801.01",€52.8,18,32,,,,,,,,,,,,,,,,,,,,,119,"€ 4,164.94",€ 35.00,44,"€ 1,457.92",€ 33.13,31,"€ 1,302.00",€42.0,0,€ 0.00,€0.0,2,89.34012295,€44.7,42,1315.68,€31.3,9,43,1632,"€ 36,770.08",€ 22.53,812,"€ 16,331.12",€ 20.11,192,"€ 4,608.00",€24.0,0,0,0,119,2807.886098,€23.6,509,13023.07,€25.6,4,124,699,"€ 13,054.72",€ 18.68,453,"€ 7,983.68",€ 17.62,2,€ 40.00,€20.0,0,0,0,49,924.7854098,€18.9,195,4106.25,€21.1,8,7,878,"€ 10,515.17",€ 11.98,331,"€ 4,282.15",€ 12.94,6,€ 84.00,€14.0,193,968.27,€5.0,22,342.3527828,€15.6,326,4838.4,€14.8,0,23,,,,,,,,,,,,,,,,,,,,,408,"€ 4,883.71",€ 11.97,257,"€ 2,798.43",€ 10.89,4,€ 56.00,€14.0,23,€ 102.73,€4.5,11,€ 169.64,€15.4,113,1756.91,€15.5,50,0,36,"€ 6,182.42",€ 171.73,2,€ 491.80,€ 245.90,32,"€ 5,248.00",€164.0,0,0,,0,0,,2,442.62,€ 221.31,0,3,51,"€ 5,207.02",€ 102.10,33,"€ 2,646.40",€ 80.19,18,"€ 2,560.62",€142.3,0,0,0,0,0,0,0,0,0,0,0,26,243.64,€9.4,,0,2043,"€ 42,326.48",€ 20.72,481,"€ 28,990.62",€ 60.27,216,"€ 1,071.00",€ 4.96,207,"€ 4,572.31",€ 22.09,1240,"€ 28,283.94",€ 22.81,972,4,6,50,35,0,2,56,362,0,15,32,4,100,0,51,24,3,2,16,"€ 105,487.99",€ 0.00,€ 0.00,€ 0.00,€ 0.00,€ 0.00,€ 0.00,€ 0.00,€ 0.00,€ 0.00,€ 0.00,€ 0.00
LBA,19.00,25/01/2025,24-25,2,11,1,Brescia,45682.7916Brescia,305,4202,4507,"€ 104,902.72",344,"€ 23,413.17",€ 68.06,111,"€ 6,334.98",€57.1,197,"€ 15,169.00",€77.0,0,€ 0.00,0,2,€ 131.15,€65.6,34,"€ 1,778.04",€52.3,18,40,,,,,,,,,,,,,,,,,,,,,120,"€ 4,212.74",€ 35.11,44,"€ 1,457.92",€ 33.13,28,"€ 1,176.00",€42.0,0,€ 0.00,€0.0,3,98.355,€32.8,45,1480.46,€32.9,9,46,1619,"€ 36,628.69",€ 22.62,812,"€ 16,331.12",€ 20.11,211,"€ 5,064.00",€24.0,0,0,0,27,745.52,€27.6,569,14488.05,€25.5,4,115,699,"€ 13,412.76",€ 19.19,453,"€ 7,983.68",€ 17.62,2,€ 40.00,€20.0,0,0,0,33,715.545,€21.7,211,4673.53,€22.1,8,5,859,"€ 10,248.92",€ 11.93,331,"€ 4,282.15",€ 12.94,17,€ 238.00,€14.0,186,979.08,€5.3,10,172.56,€17.3,315,4577.13,€14.5,0,8,,,,,,,,,,,,,,,,,,,,,408,"€ 5,060.60",€ 12.40,257,"€ 2,798.43",€ 10.89,4,€ 56.00,€14.0,15,€ 62.73,€4.2,4,€ 63.12,€15.8,128,2080.32,€16.3,50,0,35,"€ 5,985.70",€ 171.02,2,€ 491.80,€ 245.90,32,"€ 5,248.00",€164.0,0,0,,0,0,,1,245.9,€ 245.90,0,2,51,"€ 5,207.02",€ 102.10,33,"€ 2,646.40",€ 80.19,18,"€ 2,560.62",€142.3,0,0,0,0,0,0,0,0,0,0,0,67,733.13,€10.9,,0,2043,"€ 42,326.48",€ 20.72,509,"€ 29,551.62",€ 58.06,201,"€ 1,041.81",€ 5.18,79,"€ 1,926.25",€ 24.38,1303,"€ 29,323.43",€ 22.50,859,10,4,50,129,33,13,40,285,0,23,69,4,73,4,49,9,0,4,4,"€ 104,902.72",€ 0.00,€ 0.00,€ 0.00,€ 0.00,€ 0.00,€ 0.00,€ 0.00,€ 0.00,€ 0.00,€ 0.00,€ 0.00
LBA,17.00,09/02/2025,24-25,1,12,3,Trento,45697.7083Trento,334,4049,4383,"€ 101,849.27",333,"€ 22,520.82",€ 67.63,111,"€ 6,334.98",€57.1,193,"€ 14,861.00",€77.0,0,€ 0.00,0,2,€ 131.15,€65.6,27,"€ 1,193.69",€44.2,18,62,,,,,,,,,,,,,,,,,,,,,120,"€ 4,271.54",€ 35.60,44,"€ 1,457.92",€ 33.13,31,"€ 1,302.00",€42.0,0,€ 0.00,€0.0,3,98.355,€32.8,42,1413.26,€33.6,9,48,1565,"€ 35,265.85",€ 22.53,812,"€ 16,331.12",€ 20.11,209,"€ 5,016.00",€24.0,0,0,0,27,745.52,€27.6,517,13173.21,€25.5,4,124,674,"€ 12,559.76",€ 18.63,453,"€ 7,983.68",€ 17.62,19,€ 380.00,€20.0,0,0,0,33,715.545,€21.7,169,3480.53,€20.6,8,3,860,"€ 9,870.01",€ 11.48,331,"€ 4,282.15",€ 12.94,21,€ 294.00,€14.0,209,1114.53,€5.3,10,172.56,€17.3,289,4006.77,€13.9,0,8,,,,,,,,,,,,,,,,,,,,,392,"€ 4,692.60",€ 11.97,257,"€ 2,798.43",€ 10.89,4,€ 56.00,€14.0,15,€ 38.19,€2.5,4,€ 63.12,€15.8,112,1736.86,€15.5,50,0,37,"€ 6,108.65",€ 165.10,2,€ 491.80,€ 245.90,32,"€ 5,248.00",€164.0,0,0,,0,0,,3,368.85,€ 122.95,0,0,60,"€ 6,487.33",€ 108.12,33,"€ 2,646.40",€ 80.19,27,"€ 3,840.93",€142.3,0,0,0,0,0,0,0,0,0,0,0,8,72.72,€9.1,,0,2043,"€ 42,326.48",€ 20.72,536,"€ 30,997.93",€ 57.83,224,"€ 1,152.72",€ 5.15,79,"€ 1,926.25",€ 24.38,1159,"€ 25,373.17",€ 21.89,765,4,2,8,93,6,10,43,292,0,21,65,9,84,11,58,8,0,6,4,€ 0.00,"€ 101,849.27",€ 0.00,€ 0.00,€ 0.00,€ 0.00,€ 0.00,€ 0.00,€ 0.00,€ 0.00,€ 0.00,€ 0.00
LBA,16.45,16/03/2025,24-25,6,12,2,Reggio Emilia,45732.6979Reggio Emilia,342,4058,4400,"€ 102,653.24",345,"€ 23,361.00",€ 67.71,111,"€ 6,334.98",€57.1,195,"€ 15,015.00",€77.0,0,€ 0.00,0,1,€ 62.30,€62.3,38,"€ 1,948.72",€51.3,18,46,,,,,,,,,,,,,,,,,,,,,115,"€ 4,094.10",€ 35.60,44,"€ 1,457.92",€ 33.13,29,"€ 1,218.00",€42.0,0,€ 0.00,€0.0,2,65.58,€32.8,40,1352.6,€33.8,9,42,1532,"€ 34,480.35",€ 22.51,812,"€ 16,331.12",€ 20.11,206,"€ 4,944.00",€24.0,0,0,0,29,714.935,€24.7,485,12490.29,€25.8,4,132,673,"€ 12,606.16",€ 18.73,453,"€ 7,983.68",€ 17.62,7,€ 140.00,€20.0,0,0,0,24,467.19,€19.5,189,4015.29,€21.2,8,2,867,"€ 10,250.87",€ 11.82,331,"€ 4,282.15",€ 12.94,76,"€ 1,064.00",€14.0,187,963.63,€5.2,9,143.615,€16.0,264,3797.47,€14.4,0,31,,,,,,,,,,,,,,,,,,,,,408,"€ 5,073.90",€ 12.44,257,"€ 2,798.43",€ 10.89,4,€ 56.00,€14.0,23,€ 119.09,€5.2,2,€ 32.46,€16.2,122,2067.92,€17.0,50,0,37,"€ 6,108.65",€ 165.10,2,€ 491.80,€ 245.90,32,"€ 5,248.00",€164.0,0,0,,0,0,,3,368.85,€ 122.95,0,0,60,"€ 6,487.33",€ 108.12,33,"€ 2,646.40",€ 80.19,27,"€ 3,840.93",€142.3,0,0,0,0,0,0,0,0,0,0,0,21,190.89,€9.1,,0,2043,"€ 42,326.48",€ 20.72,576,"€ 31,525.93",€ 54.73,210,"€ 1,082.72",€ 5.16,67,"€ 1,486.08",€ 22.18,1141,"€ 26,041.14",€ 22.82,783,14,0,0,94,31,19,32,244,0,12,52,2,70,0,52,10,0,1,66,€ 0.00,€ 0.00,"€ 102,653.24",€ 0.00,€ 0.00,€ 0.00,€ 0.00,€ 0.00,€ 0.00,€ 0.00,€ 0.00,€ 0.00
LBA,16.30,30/03/2025,24-25,13,15,4,Scafati,45746.6875Scafati,342,3758,4100,"€ 96,568.04",324,"€ 22,255.98",€ 68.69,111,"€ 6,334.98",€57.1,191,"€ 14,707.00",€77.0,0,€ 0.00,0,1,€ 62.30,€62.3,21,"€ 1,151.70",€54.8,18,38,,,,,,,,,,,,,,,,,,,,,113,"€ 4,024.33",€ 35.61,44,"€ 1,457.92",€ 33.13,32,"€ 1,344.00",€42.0,0,€ 0.00,€0.0,2,65.58,€32.8,35,1156.83,€33.1,9,43,1458,"€ 31,901.46",€ 21.88,812,"€ 16,331.12",€ 20.11,182,"€ 4,368.00",€24.0,0,0,0,34,806.735,€23.7,430,10395.6,€24.2,4,142,672,"€ 12,522.52",€ 18.63,453,"€ 7,983.68",€ 17.62,2,€ 40.00,€20.0,0,0,0,24,467.19,€19.5,193,4031.65,€20.9,8,19,676,"€ 8,198.38",€ 12.13,331,"€ 4,282.15",€ 12.94,9,€ 126.00,€14.0,141,741.81,€5.3,9,143.615,€16.0,186,2904.8,€15.6,0,11,,,,,,,,,,,,,,,,,,,,,408,"€ 5,092.36",€ 12.48,257,"€ 2,798.43",€ 10.89,4,€ 56.00,€14.0,15,€ 38.19,€2.5,6,€ 93.52,€15.6,126,2106.22,€16.7,50,0,36,"€ 5,985.70",€ 166.27,2,€ 491.80,€ 245.90,32,"€ 5,248.00",€164.0,0,0,,0,0,,2,245.9,€ 122.95,0,0,60,"€ 6,487.33",€ 108.12,33,"€ 2,646.40",€ 80.19,27,"€ 3,840.93",€142.3,0,0,0,0,0,0,0,0,0,0,0,11,99.99,€9.1,,0,2043,"€ 42,326.48",€ 20.72,479,"€ 29,729.93",€ 62.07,156,€ 780.00,€ 5.00,76,"€ 1,638.94",€ 21.57,993,"€ 21,992.70",€ 22.15,669,9,0,0,84,19,19,27,237,0,16,50,4,70,13,53,10,0,9,44,€ 0.00,€ 0.00,"€ 96,568.04",€ 0.00,€ 0.00,€ 0.00,€ 0.00,€ 0.00,€ 0.00,€ 0.00,€ 0.00,€ 0.00
LBA,18.15,06/04/2025,24-25,13,14,4,Cremona,45753.7604Cremona,355,4026,4381,"€ 98,793.11",320,"€ 21,945.43",€ 68.58,111,"€ 6,334.98",€57.1,192,"€ 14,784.00",€77.0,0,€ 0.00,0,1,€ 62.30,€62.3,16,€ 764.15,€47.8,18,43,,,,,,,,,,,,,,,,,,,,,92,"€ 3,236.37",€ 35.18,44,"€ 1,457.92",€ 33.13,27,"€ 1,134.00",€42.0,0,€ 0.00,€0.0,3,135.25,€45.1,18,509.2,€28.3,9,40,1529,"€ 33,925.59",€ 22.19,812,"€ 16,331.12",€ 20.11,214,"€ 5,136.00",€24.0,0,0,0,38,935.015,€24.6,465,11523.45,€24.8,4,143,686,"€ 12,637.69",€ 18.42,453,"€ 7,983.68",€ 17.62,2,€ 40.00,€20.0,0,0,0,22,415.96,€18.9,209,4198.05,€20.1,8,8,861,"€ 9,146.77",€ 10.62,331,"€ 4,282.15",€ 12.94,10,€ 140.00,€14.0,138,722.72,€5.2,11,163.885,€14.9,371,3838.01,€10.3,0,32,,,,,,,,,,,,,,,,,,,,,406,"€ 4,987.14",€ 12.28,257,"€ 2,798.43",€ 10.89,4,€ 56.00,€14.0,23,€ 102.73,€4.5,5,€ 77.95,€15.6,117,1952.03,€16.7,50,0,37,"€ 6,108.65",€ 165.10,2,€ 491.80,€ 245.90,32,"€ 5,248.00",€164.0,0,0,,0,0,,3,368.85,€ 122.95,0,0,60,"€ 6,487.33",€ 108.12,33,"€ 2,646.40",€ 80.19,27,"€ 3,840.93",€142.3,0,0,0,0,0,0,0,0,0,0,0,35,318.15,€9.1,,0,2043,"€ 42,326.48",€ 20.72,508,"€ 30,378.93",€ 59.80,161,€ 825.45,€ 5.13,80,"€ 1,790.36",€ 22.38,1199,"€ 23,153.74",€ 19.31,695,21,2,0,273,45,16,34,210,0,18,42,9,78,2,49,10,0,7,69,€ 0.00,€ 0.00,€ 0.00,"€ 98,793.11",€ 0.00,€ 0.00,€ 0.00,€ 0.00,€ 0.00,€ 0.00,€ 0.00,€ 0.00
LBA,18.00,19/04/2025,24-25,10,13,3,Sassari,45766.75Sassari,322,4358,4680,"€ 107,289.41",349,"€ 23,146.50",€ 66.32,111,"€ 6,334.98",€57.1,188,"€ 14,476.00",€77.0,0,€ 0.00,0,1,€ 62.30,€62.3,49,"€ 2,273.22",€46.4,18,43,,,,,,,,,,,,,,,,,,,,,112,"€ 3,881.54",€ 34.66,44,"€ 1,457.92",€ 33.13,28,"€ 1,176.00",€42.0,0,€ 0.00,€0.0,3,135.25,€45.1,37,1112.37,€30.1,9,47,1657,"€ 36,600.67",€ 22.09,812,"€ 16,331.12",€ 20.11,198,"€ 4,752.00",€24.0,0,0,0,38,935.015,€24.6,609,14582.53,€23.9,4,119,718,"€ 13,346.95",€ 18.59,453,"€ 7,983.68",€ 17.62,28,€ 560.00,€20.0,0,0,0,22,415.96,€18.9,215,4387.31,€20.4,8,3,997,"€ 12,446.72",€ 12.48,331,"€ 4,282.15",€ 12.94,23,€ 322.00,€14.0,140,749.08,€5.4,11,163.885,€14.9,492,6929.6,€14.1,0,21,,,,,,,,,,,,,,,,,,,,,406,"€ 4,957.22",€ 12.21,257,"€ 2,798.43",€ 10.89,4,€ 56.00,€14.0,18,€ 81.82,€4.5,5,€ 77.95,€15.6,122,1943.02,€15.9,50,0,38,"€ 6,231.60",€ 163.99,2,€ 491.80,€ 245.90,32,"€ 5,248.00",€164.0,0,0,,0,0,,4,491.8,€ 122.95,0,0,60,"€ 6,487.33",€ 108.12,33,"€ 2,646.40",€ 80.19,27,"€ 3,840.93",€142.3,0,0,0,0,0,0,0,0,0,0,0,21,190.89,€9.1,,0,2043,"€ 42,326.48",€ 20.72,528,"€ 30,430.93",€ 57.63,158,€ 830.90,€ 5.26,80,"€ 1,790.36",€ 22.38,1528,"€ 31,719.85",€ 20.76,850,36,2,0,261,35,15,59,346,0,25,33,10,81,3,52,8,0,5,41,€ 0.00,€ 0.00,€ 0.00,"€ 107,289.41",€ 0.00,€ 0.00,€ 0.00,€ 0.00,€ 0.00,€ 0.00,€ 0.00,€ 0.00
LBA,18.15,04/05/2025,24-25,7,12,2,Trieste,45781.7604Trieste,366,3956,4322,"€ 100,936.63",356,"€ 23,764.11",€ 66.75,111,"€ 6,334.98",€57.1,202,"€ 15,554.00",€77.0,0,€ 0.00,0,1,€ 62.30,€62.3,42,"€ 1,812.83",€43.2,18,35,,,,,,,,,,,,,,,,,,,,,99,"€ 3,603.46",€ 36.40,44,"€ 1,457.92",€ 33.13,31,"€ 1,302.00",€42.0,0,€ 0.00,€0.0,2,65.58,€32.8,22,777.96,€35.4,9,51,1544,"€ 34,400.78",€ 22.28,812,"€ 16,331.12",€ 20.11,200,"€ 4,800.00",€24.0,0,0,0,24,550.98,€23.0,508,12718.68,€25.0,4,143,667,"€ 12,288.72",€ 18.42,453,"€ 7,983.68",€ 17.62,3,€ 60.00,€20.0,0,0,0,13,244.25,€18.8,198,4000.79,€20.2,8,26,784,"€ 9,101.15",€ 11.61,331,"€ 4,282.15",€ 12.94,15,€ 210.00,€14.0,170,866.36,€5.1,6,90.74,€15.1,262,3651.9,€13.9,0,22,,,,,,,,,,,,,,,,,,,,,407,"€ 4,977.51",€ 12.23,257,"€ 2,798.43",€ 10.89,4,€ 56.00,€14.0,21,€ 125.45,€6.0,6,€ 93.52,€15.6,119,1904.11,€16.0,50,0,39,"€ 6,313.57",€ 161.89,2,€ 491.80,€ 245.90,32,"€ 5,248.00",€164.0,0,0,,0,0,,5,573.77,€ 114.75,0,0,60,"€ 6,487.33",€ 108.12,33,"€ 2,646.40",€ 80.19,27,"€ 3,840.93",€142.3,0,0,0,0,0,0,0,0,0,0,0,0,0,0,,0,2043,"€ 42,326.48",€ 20.72,514,"€ 31,070.93",€ 60.45,191,€ 991.81,€ 5.19,52,"€ 1,107.37",€ 21.30,1156,"€ 25,440.04",€ 22.01,700,16,1,0,110,12,39,53,244,0,33,34,2,93,4,54,8,0,4,78,€ 0.00,€ 0.00,€ 0.00,€ 0.00,"€ 100,936.63",€ 0.00,€ 0.00,€ 0.00,€ 0.00,€ 0.00,€ 0.00,€ 0.00
LBA,18.15,11/10/2025,25-26,10,7,1,Milano,45941.7604Milano,272,4519,4791,"€ 113,761.47",321,"€ 17,902.03",€ 55.77,73,"€ 3,348.91",€45.9,209,"€ 12,131.03",€58.0,0,€ 0.00,€0.0,0,€ 0.00,€0.0,39,"€ 2,422.09",€62.1,8,41,65,"€ 4,585.64",€ 70.55,34,"€ 2,358.47",€69.4,27,"€ 1,918.89",€71.1,0,€ 0.00,€0.0,0,€ 0.00,€0.0,4,€ 303.28,€75.8,5,5,112,"€ 3,327.48",€ 29.71,58,"€ 1,455.74",€25.1,35,"€ 1,195.56",€34.2,0,€ 0.00,€0.0,0,€ 0.00,€0.0,19,€ 676.18,€35.6,13,54,2081,"€ 50,053.98",€ 24.05,1111,"€ 22,132.84",€19.9,203,"€ 5,403.41",€26.6,0,€ 0.00,€0.0,0,€ 0.00,€0.0,767,"€ 22,517.73",€29.4,19,101,329,"€ 5,944.22",€ 18.07,261,"€ 4,350.82",€16.7,0,€ 0.00,€0.0,0,€ 0.00,€0.0,0,€ 0.00,€0.0,68,"€ 1,593.40",€23.4,0,17,387,"€ 5,621.49",€ 14.53,276,"€ 3,572.02",€12.9,5,€ 66.95,€13.4,0,€ 0.00,€0.0,0,€ 0.00,€0.0,106,"€ 1,982.52",€18.7,1,1,657,"€ 7,928.60",€ 12.07,67,€ 804.63,€12.0,28,€ 405.24,€14.5,94,€ 127.84,€1.4,0,€ 0.00,€0.0,468,"€ 6,590.89",€14.1,1,6,458,"€ 5,769.27",€ 12.60,314,"€ 3,407.71",€10.9,0,€ 0.00,€0.0,8,€ 10.88,€1.4,0,€ 0.00,€0.0,136,"€ 2,350.68",€17.3,0,0,42,"€ 6,475.26",€ 154.17,6,€ 737.70,€123.0,32,"€ 5,245.76",€163.9,0,€ 0.00,€0.0,0,€ 0.00,€0.0,4,€ 491.80,€123.0,0,0,60,"€ 6,038.76",€ 100.65,33,"€ 3,131.13",€94.9,27,"€ 2,907.63",€107.7,0,0,0,0,0,0,0,0,0,0,0,7,€ 114.73,€16.4,0,,2233,"€ 45,299.98",€ 20.29,566,"€ 29,274.47",€ 51.72,102,€ 138.72,€ 1.36,0,€ 0.00,€ 0.00,1611,"€ 38,928.57",€ 24.16,0,584,0,0,312,0,26,222,0,0,0,18,3,7,0,0,10,5,0,4,€ 0.00,€ 0.00,€ 0.00,€ 0.00,€ 0.00,€ 0.00,€ 0.00,€ 0.00,€ 0.00,"€ 113,761.47",€ 0.00,€ 0.00
LBA,20.00,25/10/2025,25-26,4,11,3,Trento,45955.8333Trento,248,3614,3862,"€ 89,705.43",282,"€ 15,259.49",€ 54.11,73,"€ 3,348.91",€45.9,198,"€ 11,364.66",€57.4,0,€ 0.00,€0.0,0,€ 0.00,€0.0,11,€ 545.92,€49.6,8,36,61,"€ 4,280.36",€ 70.17,34,"€ 2,358.47",€69.4,27,"€ 1,918.89",€71.1,0,€ 0.00,€0.0,0,€ 0.00,€0.0,0,€ 0.00,€0.0,5,3,108,"€ 3,175.85",€ 29.41,58,"€ 1,455.74",€25.1,32,"€ 1,072.62",€33.5,0,€ 0.00,€0.0,0,€ 0.00,€0.0,18,€ 647.49,€36.0,13,39,1600,"€ 35,313.17",€ 22.07,1111,"€ 22,132.84",€19.9,179,"€ 4,655.81",€26.0,0,€ 0.00,€0.0,21,€ 577.51,€27.5,289,"€ 7,947.01",€27.5,19,114,307,"€ 5,364.28",€ 17.47,261,"€ 4,350.82",€16.7,1,€ 23.76,€23.8,0,€ 0.00,€0.0,5,€ 112.70,€22.5,40,€ 877.00,€21.9,0,1,357,"€ 4,986.81",€ 13.97,276,"€ 3,572.02",€12.9,13,€ 217.75,€16.8,0,€ 0.00,€0.0,10,€ 167.66,€16.8,58,"€ 1,029.38",€17.7,1,7,358,"€ 3,981.55",€ 11.12,67,€ 804.63,€12.0,17,€ 242.99,€14.3,54,€ 73.44,€1.4,12,€ 154.72,€12.9,208,"€ 2,705.77",€13.0,1,1,443,"€ 5,321.69",€ 12.01,314,"€ 3,407.71",€10.9,0,€ 0.00,€0.0,17,€ 23.12,€1.4,8,€ 128.74,€16.1,104,"€ 1,762.12",€16.9,0,0,38,"€ 5,983.46",€ 157.46,6,€ 737.70,€123.0,32,"€ 5,245.76",€163.9,0,€ 0.00,€0.0,0,€ 0.00,€0.0,0,€ 0.00,€0.0,0,0,60,"€ 6,038.76",€ 100.65,33,"€ 3,131.13",€94.9,27,"€ 2,907.63",€107.7,0,0,0,0,0,0,0,0,0,0,0,0,€ 0.00,€0.0,0,,2233,"€ 45,299.98",€ 20.29,526,"€ 27,649.87",€ 52.57,71,€ 96.56,€ 1.36,56,"€ 1,141.33",€ 20.38,728,"€ 15,514.69",€ 21.31,0,615,0,0,337,15,0,218,0,0,0,1,0,0,0,0,0,0,0,0,€ 0.00,€ 0.00,€ 0.00,€ 0.00,€ 0.00,€ 0.00,€ 0.00,€ 0.00,€ 0.00,"€ 89,705.43",€ 0.00,€ 0.00
LBA,20.00,04/11/2025,25-26,6,12,1,Bologna,45965.8333Bologna,254,3444,3698,"€ 86,823.68",277,"€ 15,007.03",€ 54.18,73,"€ 3,348.91",€45.9,196,"€ 11,225.32",€57.3,0,€ 0.00,€0.0,0,€ 0.00,€0.0,8,€ 432.80,€54.1,8,42,61,"€ 4,278.36",€ 70.14,34,"€ 2,358.47",€69.4,27,"€ 1,918.89",€71.1,0,€ 0.00,€0.0,0,€ 0.00,€0.0,0,€ 0.00,€0.0,5,1,104,"€ 3,069.30",€ 29.51,58,"€ 1,455.74",€25.1,33,"€ 1,113.60",€33.7,0,€ 0.00,€0.0,0,€ 0.00,€0.0,13,€ 499.96,€38.5,13,30,1514,"€ 33,286.99",€ 21.99,1111,"€ 22,132.84",€19.9,176,"€ 4,562.36",€25.9,0,€ 0.00,€0.0,21,€ 577.51,€27.5,206,"€ 6,014.28",€29.2,19,119,301,"€ 5,258.57",€ 17.47,261,"€ 4,350.82",€16.7,0,€ 0.00,€0.0,0,€ 0.00,€0.0,5,€ 112.70,€22.5,35,€ 795.05,€22.7,0,0,357,"€ 5,055.65",€ 14.16,276,"€ 3,572.02",€12.9,13,€ 217.75,€16.8,0,€ 0.00,€0.0,10,€ 167.66,€16.8,58,"€ 1,098.22",€18.9,1,0,316,"€ 3,737.39",€ 11.83,67,€ 804.63,€12.0,13,€ 183.99,€14.2,38,€ 51.68,€1.4,12,€ 154.72,€12.9,186,"€ 2,542.37",€13.7,1,15,414,"€ 4,862.26",€ 11.74,314,"€ 3,407.71",€10.9,0,€ 0.00,€0.0,17,€ 23.12,€1.4,8,€ 128.74,€16.1,75,"€ 1,302.69",€17.4,0,0,40,"€ 6,229.36",€ 155.73,6,€ 737.70,€123.0,32,"€ 5,245.76",€163.9,0,€ 0.00,€0.0,0,€ 0.00,€0.0,2,€ 245.90,€123.0,0,0,60,"€ 6,038.76",€ 100.65,33,"€ 3,131.13",€94.9,27,"€ 2,907.63",€107.7,0,0,0,0,0,0,0,0,0,0,0,0,€ 0.00,€0.0,0,,2233,"€ 45,299.98",€ 20.29,517,"€ 27,375.30",€ 52.95,55,€ 74.80,€ 1.36,56,"€ 1,141.33",€ 20.38,583,"€ 12,931.27",€ 22.18,0,588,0,0,356,0,5,212,0,0,0,35,2,54,0,21,3,0,0,26,€ 0.00,€ 0.00,€ 0.00,€ 0.00,€ 0.00,€ 0.00,€ 0.00,€ 0.00,€ 0.00,€ 0.00,"€ 86,823.68",€ 0.00
LBA,17.00,16/11/2025,25-26,11,14,1,Cantù,45977.7083Cantù,288,4523,4811,"€ 115,252.70",317,"€ 17,573.44",€ 55.44,73,"€ 3,348.91",€45.9,204,"€ 11,782.68",€57.8,0,€ 0.00,€0.0,0,€ 0.00,€0.0,40,"€ 2,441.85",€61.0,8,47,65,"€ 4,610.24",€ 70.93,34,"€ 2,358.47",€69.4,27,"€ 1,918.89",€71.1,0,€ 0.00,€0.0,0,€ 0.00,€0.0,4,€ 327.88,€82.0,5,5,134,"€ 4,148.38",€ 30.96,58,"€ 1,455.74",€25.1,35,"€ 1,195.56",€34.2,0,€ 0.00,€0.0,2,€ 73.77,€36.9,39,"€ 1,423.31",€36.5,13,47,2065,"€ 50,404.36",€ 24.41,1111,"€ 22,132.84",€19.9,193,"€ 5,091.91",€26.4,0,€ 0.00,€0.0,75,"€ 2,098.53",€28.0,686,"€ 21,081.08",€30.7,19,116,331,"€ 5,934.04",€ 17.93,261,"€ 4,350.82",€16.7,0,€ 0.00,€0.0,0,€ 0.00,€0.0,17,€ 367.61,€21.6,53,"€ 1,215.61",€22.9,0,19,388,"€ 5,604.83",€ 14.45,276,"€ 3,572.02",€12.9,5,€ 66.95,€13.4,0,€ 0.00,€0.0,28,€ 477.53,€17.1,79,"€ 1,488.33",€18.8,1,0,661,"€ 8,423.88",€ 12.74,67,€ 804.63,€12.0,31,€ 449.49,€14.5,62,€ 84.32,€1.4,29,€ 367.04,€12.7,472,"€ 6,718.40",€14.2,1,7,458,"€ 5,793.61",€ 12.65,314,"€ 3,407.71",€10.9,0,€ 0.00,€0.0,3,€ 4.08,€1.4,54,€ 902.67,€16.7,87,"€ 1,479.15",€17.0,0,0,44,"€ 6,721.16",€ 152.75,6,€ 737.70,€123.0,32,"€ 5,245.76",€163.9,0,€ 0.00,€0.0,0,€ 0.00,€0.0,6,€ 737.70,€123.0,0,0,60,"€ 6,038.76",€ 100.65,33,"€ 3,131.13",€94.9,27,"€ 2,907.63",€107.7,0,0,0,0,0,0,0,0,0,0,0,0,€ 0.00,€0.0,0,,2233,"€ 45,299.98",€ 20.29,554,"€ 28,658.87",€ 51.73,65,€ 88.40,€ 1.36,205,"€ 4,287.14",€ 20.91,1466,"€ 36,913.31",€ 25.18,0,599,0,0,298,0,46,227,0,0,0,0,0,0,0,0,0,0,0,0,€ 0.00,€ 0.00,€ 0.00,€ 0.00,€ 0.00,€ 0.00,€ 0.00,€ 0.00,€ 0.00,€ 0.00,"€ 115,252.70",€ 0.00
LBA,16.30,23/11/2025,25-26,15,13,4,Udine,45984.6875Udine,251,4149,4400,"€ 98,248.88",279,"€ 13,051.35",€ 46.78,73,"€ 3,348.91",€45.9,191,"€ 8,856.54",€46.4,0,€ 0.00,€0.0,0,€ 0.00,€0.0,15,€ 845.90,€56.4,8,44,61,"€ 4,279.36",€ 70.15,34,"€ 2,358.47",€69.4,27,"€ 1,918.89",€71.1,0,€ 0.00,€0.0,0,€ 0.00,€0.0,0,€ 0.00,€0.0,5,2,121,"€ 3,547.97",€ 29.32,58,"€ 1,455.74",€25.1,30,€ 990.66,€33.0,0,€ 0.00,€0.0,2,€ 73.77,€36.9,31,"€ 1,027.80",€33.2,13,36,1847,"€ 42,032.70",€ 22.76,1111,"€ 22,132.84",€19.9,203,"€ 5,403.41",€26.6,0,€ 0.00,€0.0,75,"€ 2,098.53",€28.0,458,"€ 12,397.92",€27.1,19,94,325,"€ 5,632.94",€ 17.33,261,"€ 4,350.82",€16.7,0,€ 0.00,€0.0,0,€ 0.00,€0.0,17,€ 367.61,€21.6,47,€ 914.51,€19.5,0,15,373,"€ 5,198.26",€ 13.94,276,"€ 3,572.02",€12.9,5,€ 66.95,€13.4,0,€ 0.00,€0.0,28,€ 477.53,€17.1,64,"€ 1,081.76",€16.9,1,5,545,"€ 6,206.96",€ 11.39,67,€ 804.63,€12.0,26,€ 375.74,€14.5,77,€ 104.72,€1.4,29,€ 367.04,€12.7,346,"€ 4,554.83",€13.2,1,2,458,"€ 5,616.52",€ 12.26,314,"€ 3,407.71",€10.9,0,€ 0.00,€0.0,14,€ 19.04,€1.4,54,€ 902.67,€16.7,76,"€ 1,287.10",€16.9,0,0,40,"€ 6,229.36",€ 155.73,6,€ 737.70,€123.0,34,"€ 5,491.66",€161.5,0,€ 0.00,€0.0,0,€ 0.00,€0.0,0,€ 0.00,€0.0,0,0,60,"€ 6,038.76",€ 100.65,33,"€ 3,131.13",€94.9,27,"€ 2,907.63",€107.7,0,0,0,0,0,0,0,0,0,0,0,40,€ 414.70,€10.4,6,,2233,"€ 45,299.98",€ 20.29,543,"€ 26,011.48",€ 47.90,91,€ 123.76,€ 1.36,205,"€ 4,287.14",€ 20.91,1037,"€ 22,109.82",€ 21.32,0,592,0,0,431,0,22,217,0,0,0,0,0,0,0,42,0,0,0,0,€ 0.00,€ 0.00,€ 0.00,€ 0.00,€ 0.00,€ 0.00,€ 0.00,€ 0.00,€ 0.00,€ 0.00,"€ 98,248.88",€ 0.00
LBA,20.00,21/12/2025,25-26,7,14,2,Trieste,46012.8333Trieste,257,4150,4407,"€ 100,734.02",292,"€ 15,825.88",€ 54.20,73,"€ 3,348.91",€45.9,195,"€ 11,155.65",€57.2,0,€ 0.00,€0.0,0,€ 0.00,€0.0,24,"€ 1,321.32",€55.1,8,62,63,"€ 4,446.30",€ 70.58,34,"€ 2,358.47",€69.4,27,"€ 1,918.89",€71.1,0,€ 0.00,€0.0,0,€ 0.00,€0.0,2,€ 163.94,€82.0,5,5,115,"€ 3,419.71",€ 29.74,58,"€ 1,455.74",€25.1,28,€ 908.70,€32.5,0,€ 0.00,€0.0,4,€ 133.20,€33.3,25,€ 922.07,€36.9,13,43,1841,"€ 41,845.38",€ 22.73,1111,"€ 22,132.84",€19.9,180,"€ 4,686.96",€26.0,0,€ 0.00,€0.0,47,"€ 1,243.13",€26.4,503,"€ 13,782.45",€27.4,19,93,311,"€ 5,492.58",€ 17.66,261,"€ 4,350.82",€16.7,0,€ 0.00,€0.0,0,€ 0.00,€0.0,6,€ 125.41,€20.9,44,"€ 1,016.36",€23.1,0,0,383,"€ 5,418.24",€ 14.15,276,"€ 3,572.02",€12.9,5,€ 66.95,€13.4,0,€ 0.00,€0.0,13,€ 206.58,€15.9,89,"€ 1,572.69",€17.7,1,2,553,"€ 5,977.13",€ 10.81,67,€ 804.63,€12.0,29,€ 419.99,€14.5,100,€ 136.00,€1.4,19,€ 241.21,€12.7,338,"€ 4,375.30",€12.9,1,5,458,"€ 5,474.70",€ 11.95,314,"€ 3,407.71",€10.9,0,€ 0.00,€0.0,21,€ 28.56,€1.4,13,€ 202.27,€15.6,110,"€ 1,836.16",€16.7,0,0,42,"€ 6,475.26",€ 154.17,6,€ 737.70,€123.0,32,"€ 5,245.76",€163.9,0,€ 0.00,€0.0,0,€ 0.00,€0.0,4,€ 491.80,€123.0,0,0,60,"€ 6,038.76",€ 100.65,33,"€ 3,131.13",€94.9,27,"€ 2,907.63",€107.7,0,0,0,0,0,0,0,0,0,0,0,32,€ 320.08,€10.0,0,,2233,"€ 45,299.98",€ 20.29,523,"€ 27,310.53",€ 52.22,121,€ 164.56,€ 1.36,102,"€ 2,151.78",€ 21.10,1139,"€ 25,482.09",€ 22.37,0,585,0,0,375,28,21,230,0,0,0,0,0,0,0,0,0,0,0,0,€ 0.00,€ 0.00,€ 0.00,€ 0.00,€ 0.00,€ 0.00,€ 0.00,€ 0.00,€ 0.00,€ 0.00,€ 0.00,"€ 100,734.02"
LBA,18.15,3/1/2026,25-26,8,11,3,Napoli,46025.7604Napoli,268,4743,5011,"€ 113,546.87",292,"€ 15,563.64",€ 53.30,73,"€ 3,348.91",€45.9,179,"€ 10,040.93",€56.1,0,€ 0.00,€0.0,0,€ 0.00,€0.0,40,"€ 2,173.80",€54.3,8,59,62,"€ 4,361.33",€ 70.34,34,"€ 2,358.47",€69.4,27,"€ 1,918.89",€71.1,0,€ 0.00,€0.0,0,€ 0.00,€0.0,1,€ 81.97,€82.0,5,2,150,"€ 4,583.58",€ 30.56,58,"€ 1,455.74",€25.1,30,€ 990.66,€33.0,0,€ 0.00,€0.0,4,€ 133.20,€33.3,58,"€ 2,003.98",€34.6,13,28,2100,"€ 49,302.33",€ 23.48,1111,"€ 22,132.84",€19.9,184,"€ 4,811.56",€26.1,0,€ 0.00,€0.0,47,"€ 1,243.13",€26.4,758,"€ 21,114.80",€27.9,19,81,330,"€ 5,687.17",€ 17.23,261,"€ 4,350.82",€16.7,2,€ 47.52,€23.8,0,€ 0.00,€0.0,6,€ 125.41,€20.9,61,"€ 1,163.43",€19.1,0,38,387,"€ 5,478.06",€ 14.16,276,"€ 3,572.02",€12.9,5,€ 66.95,€13.4,0,€ 0.00,€0.0,13,€ 206.58,€15.9,93,"€ 1,632.51",€17.6,1,1,664,"€ 8,015.33",€ 12.07,67,€ 804.63,€12.0,26,€ 375.74,€14.5,75,€ 102.00,€1.4,19,€ 241.21,€12.7,477,"€ 6,491.75",€13.6,1,4,458,"€ 5,765.18",€ 12.59,314,"€ 3,407.71",€10.9,0,€ 0.00,€0.0,7,€ 9.52,€1.4,13,€ 202.27,€15.6,124,"€ 2,145.68",€17.3,0,0,41,"€ 6,352.31",€ 154.93,6,€ 737.70,€123.0,32,"€ 5,245.76",€163.9,0,€ 0.00,€0.0,0,€ 0.00,€0.0,3,€ 368.85,€123.0,0,0,60,"€ 6,038.76",€ 100.65,33,"€ 3,131.13",€94.9,27,"€ 2,907.63",€107.7,,,,,,,,,,,,199,"€ 2,399.18",€12.1,8,,2233,"€ 45,299.98",€ 20.29,512,"€ 26,405.64",€ 51.57,82,€ 111.52,€ 1.36,102,"€ 2,151.78",€ 21.10,1615,"€ 37,176.77",€ 23.02,0,604,0,0,509,0,38,235,0,0,0,32,4,72,0,45,6,0,0,59,"€ 113,546.87",€ 0.00,€ 0.00,€ 0.00,€ 0.00,€ 0.00,€ 0.00,€ 0.00,€ 0.00,€ 0.00,€ 0.00,€ 0.00
LBA,16.00,18/1/2026,25-26,4,6,2,Venezia,46040.6666Venezia,52,3191,3243,"€ 80,502.50",254,"€ 13,450.78",€ 52.96,73,"€ 3,348.91",€45.9,167,"€ 9,204.89",€55.1,0,€ 0.00,€0.0,1,€ 60.11,€60.1,13,€ 836.87,€64.4,8,1,61,"€ 4,277.36",€ 70.12,34,"€ 2,358.47",€69.4,27,"€ 1,918.89",€71.1,0,€ 0.00,€0.0,0,€ 0.00,€0.0,0,€ 0.00,€0.0,5,0,88,"€ 2,406.80",€ 27.35,58,"€ 1,455.74",€25.1,23,€ 703.80,€30.6,0,€ 0.00,€0.0,1,€ 38.25,€38.3,6,€ 209.01,€34.8,13,4,1468,"€ 31,675.73",€ 21.58,1111,"€ 22,132.84",€19.9,114,"€ 2,631.06",€23.1,0,€ 0.00,€0.0,26,€ 688.56,€26.5,217,"€ 6,223.27",€28.7,19,0,291,"€ 5,045.53",€ 17.34,260,"€ 4,337.91",€16.7,0,€ 0.00,€0.0,0,€ 0.00,€0.0,5,€ 101.09,€20.2,26,€ 606.54,€23.3,0,0,335,"€ 4,583.14",€ 13.68,276,"€ 3,572.02",€12.9,5,€ 66.95,€13.4,0,€ 0.00,€0.0,6,€ 91.03,€15.2,48,€ 853.14,€17.8,1,0,206,"€ 2,484.42",€ 12.06,67,€ 804.63,€12.0,10,€ 198.74,€19.9,22,€ 29.92,€1.4,27,€ 318.01,€11.8,80,"€ 1,133.12",€14.2,1,0,390,"€ 4,556.51",€ 11.68,314,"€ 3,407.71",€10.9,0,€ 0.00,€0.0,10,€ 13.60,€1.4,12,€ 178.39,€14.9,54,€ 956.81,€17.7,0,0,38,"€ 5,983.46",€ 157.46,6,€ 737.70,€123.0,32,"€ 5,245.76",€163.9,0,€ 0.00,€0.0,0,€ 0.00,€0.0,0,€ 0.00,€0.0,0,0,60,"€ 6,038.76",€ 100.65,33,"€ 3,131.13",€94.9,27,"€ 2,907.63",€107.7,,,,,,,,,,,,0,€ 0.00,€0.0,0,,2232,"€ 45,287.07",€ 20.29,405,"€ 22,877.72",€ 56.49,32,€ 43.52,€ 1.36,78,"€ 1,475.43",€ 18.92,444,"€ 10,818.76",€ 24.37,0,579,0,0,272,0,3,199,0,0,0,5,0,0,0,0,0,0,0,0,"€ 80,502.50",€ 0.00,€ 0.00,€ 0.00,€ 0.00,€ 0.00,€ 0.00,€ 0.00,€ 0.00,€ 0.00,€ 0.00,€ 0.00